Workbook

Sheet Instructions
A1: BLOCKED ITEMS TRACKER — INSTRUCTIONS
A2: v2.0 Program • Owner: PM • Log blockers within 24 hours of identification regardless of source
A4: PURPOSE & WORKFLOW
A5: PURPOSE | B5: Single consolidated view of everything actively blocking program work. Blockers surface from many sources — COSMOS, ClickUp, standups, emails, tag-ups — but must be logged here to be visible, owned, and tracked to resolution.
A6: WHO LOGS | B6: Domain leads log blockers from their branch. PM logs anything cross-branch or surfaced in meetings. No blocker should exist for more than 24 hours before appearing here.
A7: UPDATE CADENCE | B7: Reviewed at every weekly tag-up. Status and days open auto-calculate. Any blocker open >5 business days (internal) or any duration (external) is a standing tag-up agenda item.
A8: WHAT GOES HERE | B8: Only true blockers — work that cannot proceed until a specific decision is made or action is taken. Dependencies with known timelines and risks belong in the risk register, not here.
A9: RESOLUTION | B9: When a blocker is resolved, set Status = Resolved and enter the Date Resolved. The item remains visible for 30 days then can be archived. Never delete resolved blockers.
A11: BLOCKER TYPE DEFINITIONS
A12: BLOCKER TYPE | B12: DEFINITION | C12: ESCALATION IMPLICATION
A13: Internal | B13: Blocked by something within the contractor team's control. A technical decision, a resource constraint, a dependency between team members. | C13: Resolve within 5 business days. If not resolved, escalate to PM. Does not surface in government customer reports unless it impacts a milestone.
A14: External — Government | B14: Blocked by a required government decision, approval, access grant, or action. The government customer must act to unblock this. | C14: Surface in weekly status report immediately. Log in government-facing decision authority section. Track days awaiting government action.
A15: External — Procurement | B15: Blocked by a pending procurement action — a mod, a PO, a GFE delivery, a license approval. | C15: Surface to Contracts Lead immediately. If it impacts a milestone, escalate to government customer. Log related Change Request if applicable.
A16: External — Third Party | B16: Blocked by a vendor, subcontractor, or external dependency outside both contractor and government control. | C16: PM owns tracking and escalation path. If subcontractor is the blocker, reference their Vendor ID and check agreement terms for remedies.
A17: SOURCE FIELD — WHERE BLOCKERS COME FROM
A18: SOURCE VALUE | B18: WHEN TO USE
A19: ClickUp | B19: Blocker identified from a ClickUp task status or comment.
A20: COSMOS | B20: Blocker identified from a COSMOS task, sprint item, or status flag.
A21: Standup | B21: Blocker surfaced verbally in a daily standup.
A22: Tag-up | B22: Blocker surfaced in a weekly tag-up or branch review.
A23: Email | B23: Blocker identified from an email thread.
A24: Teams/Slack | B24: Blocker identified from a Teams or Slack message.
A25: PM Identified | B25: PM identified the blocker through their own review or analysis.
A26: Other | B26: Any other source — describe in the Notes field.

Sheet Blocked Items Log
A1: BLOCKED ITEMS LOG [Table: BlockedItems]
A2: Log blockers within 24 hours • Internal blockers: resolve in 5 days or escalate • External blockers: surface in weekly report immediately • Green template row = copy for new entry
A3: Blocker ID | B3: Date Identified | C3: Branch | D3: Source | E3: Blocker Type | F3: Blocker Title | G3: Full Description (what is blocked and why) | H3: What Unblocks This | I3: Decision Authority | J3: Identified By | K3: Blocker Owner | L3: Related Task / Ref | M3: Related Risk ID | N3: Escalate to Customer? | O3: Customer Notified Date | P3: Target Resolution | Q3: Status | R3: Date Resolved | S3: Days Open | T3: Notes
A4: Format: BL-001 | B4: MM/DD/ YYYY | C4: Branch 1.0–6.0 | D4: ClickUp / COSMOS / Standup etc. | E4: Internal / External—Govt / External—Proc / External—3P | F4: ≤10 words | G4: Specific — what work cannot proceed | H4: Specific action or decision needed | I4: Who can unblock this | J4: Name of person who found it | K4: Name — one person only | L4: ClickUp ID / COSMOS ref / email thread | M4: R-001 or blank | N4: Yes / No | O4: MM/DD/YYYY or blank | P4: MM/DD/ YYYY | Q4: Open / In Progress / Resolved / Escalated | R4: MM/DD/YYYY when resolved | S4: AUTO → formula | T4: Context / update notes
A5: ▶ COPY THIS ROW — fill in all non-AUTO fields | C5: [Branch] | D5: [Source] | E5: Internal | F5: [Blocker title — what is blocked] | G5: [Describe what work cannot proceed and the specific reason it is blocked] | H5: [What specific decision or action resolves this] | I5: [Name / role of person who can unblock] | J5: [Who identified] | K5: [Owner — one person] | L5: [Task ref or blank] | M5: [R-001 or blank] | N5: No | Q5: Open | S5: =IF(B5="","",IF(R5<>"",R5-B5,TODAY()-B5)) | T5: [Notes]
A6: BL-001 | B6: 06/01/2026 | C6: 3.0 Security & Compliance | D6: Tag-up | E6: External — Government | F6: ATO Interim Authorization Decision Pending | G6: Security team cannot finalize RMF package submission without government AO decision on whether to pursue interim ATO or full ATO. Both paths have different documentation requirements. | H6: Government AO to decide: interim ATO vs. full ATO path by 06/30/2026. | I6: Government Authorizing Official (AO) | J6: Security Lead | K6: PM | M6: R-001 | N6: Yes | O6: 06/05/2026 | P6: 06/30/2026 | Q6: Escalated | S6: =IF(B6="","",IF(R6<>"",R6-B6,TODAY()-B6)) -> 23 | T6: Escalated to COR 06/05. Awaiting AO response.
A7: BL-002 | B7: 06/10/2026 | C7: 4.0 Infra & Environment | D7: Email | E7: External — Procurement | F7: GFE Server Delivery Delayed | G7: Production environment configuration cannot begin until GFE servers are delivered. Government procurement tracking shows 6-week delay from original delivery date. | H7: Government COR to provide updated GFE delivery date and authorize interim cloud workaround if delay exceeds 4 weeks. | I7: Government COR | J7: Infra Lead | K7: Infra Lead | M7: R-003 | N7: Yes | O7: 06/12/2026 | P7: 07/15/2026 | Q7: Open | S7: =IF(B7="","",IF(R7<>"",R7-B7,TODAY()-B7)) -> 14 | T7: COR notified 06/12. Interim cloud option scoped by Infra Lead — awaiting authorization.
A8: BL-003 | B8: 06/15/2026 | C8: 2.0 Software Development | D8: COSMOS | E8: Internal | F8: API Schema Decision Blocking Sprint 4 Features | G8: Three Sprint 4 features depend on a finalized API schema. Tech lead and PM have not reached agreement on versioning approach. Dev team blocked from starting feature development. | H8: Tech lead and PM to decide API versioning approach in next sprint planning session. | I8: Tech Lead + PM | J8: Dev Lead | K8: Tech Lead | L8: COSMOS-0042 | N8: No | P8: 06/20/2026 | Q8: In Progress | S8: =IF(B8="","",IF(R8<>"",R8-B8,TODAY()-B8)) -> 9 | T8: Decision session scheduled 06/18. Draft schema options prepared by tech lead.
A9: BL-004 | B9: 06/18/2026 | C9: 2.0 Software Development | D9: Standup | E9: External — Third Party | F9: DataBridge (V-005) SME Unavailable | G9: DataBridge Consulting SME scheduled for API integration work is unavailable due to personal emergency. No substitute resource identified. Integration work paused. | H9: DataBridge to provide substitute SME or revised availability date within 5 business days per SUBK-003 terms. | I9: PM — escalate to DataBridge PM per contract terms | J9: Dev Lead | K9: PM | L9: SUBK-003 | M9: R-004 | N9: No | P9: 06/25/2026 | Q9: Open | S9: =IF(B9="","",IF(R9<>"",R9-B9,TODAY()-B9)) -> 6 | T9: Formal notice sent to DataBridge 06/18 per contract notification requirements.
A10: BL-005 | B10: 06/05/2026 | C10: 1.0 Program Management | D10: ClickUp | E10: Internal | F10: RACI Not Finalized — Blocking Branch Reporting | G10: RACI matrix for branches 3.0 and 4.0 not yet agreed. Domain leads unclear on accountability boundaries. Affecting quality of weekly tag-up reporting from those branches. | H10: PM to facilitate RACI finalization session with Security Lead and Infra Lead. | I10: PM | J10: PM | K10: PM | N10: No | P10: 06/12/2026 | Q10: Resolved | R10: 06/11/2026 | S10: =IF(B10="","",IF(R10<>"",R10-B10,TODAY()-B10)) -> 6 | T10: RACI finalized in working session 06/11. Distributed to team.

Sheet Summary View
A1: BLOCKED ITEMS — SUMMARY VIEW
A2: Auto-calculated from Blocked Items Log • Use this view for tag-up agenda and weekly status report
A4: OPEN BLOCKERS BY STATUS
A5: Status | B5: Count | C5: External (Govt/Proc/3P) | D5: Internal | E5: Avg Days Open | F5: Action
A6: Escalated | B6: =COUNTIF('Blocked Items Log'!Q:Q,A6) -> 1 | C6: =COUNTIFS('Blocked Items Log'!Q:Q,A6,'Blocked Items Log'!E:E,"External*") -> 1 | D6: =COUNTIFS('Blocked Items Log'!Q:Q,A6,'Blocked Items Log'!E:E,"Internal") -> 0 | E6: =IFERROR(AVERAGEIFS('Blocked Items Log'!S:S,'Blocked Items Log'!Q:Q,A6),0) -> 23 | F6: Immediate PM attention required
A7: Open | B7: =COUNTIF('Blocked Items Log'!Q:Q,A7) -> 3 | C7: =COUNTIFS('Blocked Items Log'!Q:Q,A7,'Blocked Items Log'!E:E,"External*") -> 2 | D7: =COUNTIFS('Blocked Items Log'!Q:Q,A7,'Blocked Items Log'!E:E,"Internal") -> 1 | E7: =IFERROR(AVERAGEIFS('Blocked Items Log'!S:S,'Blocked Items Log'!Q:Q,A7),0) -> 10 | F7: Review at tag-up — assign resolution action
A8: In Progress | B8: =COUNTIF('Blocked Items Log'!Q:Q,A8) -> 1 | C8: =COUNTIFS('Blocked Items Log'!Q:Q,A8,'Blocked Items Log'!E:E,"External*") -> 0 | D8: =COUNTIFS('Blocked Items Log'!Q:Q,A8,'Blocked Items Log'!E:E,"Internal") -> 1 | E8: =IFERROR(AVERAGEIFS('Blocked Items Log'!S:S,'Blocked Items Log'!Q:Q,A8),0) -> 9 | F8: Confirm owner has clear path to resolution
A9: Resolved | B9: =COUNTIF('Blocked Items Log'!Q:Q,A9) -> 1 | C9: =COUNTIFS('Blocked Items Log'!Q:Q,A9,'Blocked Items Log'!E:E,"External*") -> 0 | D9: =COUNTIFS('Blocked Items Log'!Q:Q,A9,'Blocked Items Log'!E:E,"Internal") -> 1 | E9: =IFERROR(AVERAGEIFS('Blocked Items Log'!S:S,'Blocked Items Log'!Q:Q,A9),0) -> 6 | F9: No action — log complete
A11: OPEN BLOCKERS BY BRANCH
A12: Branch | B12: Total Open | C12: External | D12: Escalated | E12: Oldest Open (days)
A13: 1.0 Program Management | B13: =COUNTIFS('Blocked Items Log'!C:C,A13,'Blocked Items Log'!Q:Q,"<>Resolved") -> 0 | C13: =COUNTIFS('Blocked Items Log'!C:C,A13,'Blocked Items Log'!E:E,"External*",'Blocked Items Log'!Q:Q,"<>Resolved") -> 0 | D13: =COUNTIFS('Blocked Items Log'!C:C,A13,'Blocked Items Log'!Q:Q,"Escalated") -> 0 | E13: =IFERROR(maxifs('Blocked Items Log'!S:S,'Blocked Items Log'!C:C,A13,'Blocked Items Log'!Q:Q,"<>Resolved"),0) -> 0
A14: 2.0 Software Development | B14: =COUNTIFS('Blocked Items Log'!C:C,A14,'Blocked Items Log'!Q:Q,"<>Resolved") -> 2 | C14: =COUNTIFS('Blocked Items Log'!C:C,A14,'Blocked Items Log'!E:E,"External*",'Blocked Items Log'!Q:Q,"<>Resolved") -> 1 | D14: =COUNTIFS('Blocked Items Log'!C:C,A14,'Blocked Items Log'!Q:Q,"Escalated") -> 0 | E14: =IFERROR(maxifs('Blocked Items Log'!S:S,'Blocked Items Log'!C:C,A14,'Blocked Items Log'!Q:Q,"<>Resolved"),0) -> 0
A15: 3.0 Security & Compliance | B15: =COUNTIFS('Blocked Items Log'!C:C,A15,'Blocked Items Log'!Q:Q,"<>Resolved") -> 1 | C15: =COUNTIFS('Blocked Items Log'!C:C,A15,'Blocked Items Log'!E:E,"External*",'Blocked Items Log'!Q:Q,"<>Resolved") -> 1 | D15: =COUNTIFS('Blocked Items Log'!C:C,A15,'Blocked Items Log'!Q:Q,"Escalated") -> 1 | E15: =IFERROR(maxifs('Blocked Items Log'!S:S,'Blocked Items Log'!C:C,A15,'Blocked Items Log'!Q:Q,"<>Resolved"),0) -> 0
A16: 4.0 Infra & Environment | B16: =COUNTIFS('Blocked Items Log'!C:C,A16,'Blocked Items Log'!Q:Q,"<>Resolved") -> 1 | C16: =COUNTIFS('Blocked Items Log'!C:C,A16,'Blocked Items Log'!E:E,"External*",'Blocked Items Log'!Q:Q,"<>Resolved") -> 1 | D16: =COUNTIFS('Blocked Items Log'!C:C,A16,'Blocked Items Log'!Q:Q,"Escalated") -> 0 | E16: =IFERROR(maxifs('Blocked Items Log'!S:S,'Blocked Items Log'!C:C,A16,'Blocked Items Log'!Q:Q,"<>Resolved"),0) -> 0
A17: 5.0 OT&E | B17: =COUNTIFS('Blocked Items Log'!C:C,A17,'Blocked Items Log'!Q:Q,"<>Resolved") -> 0 | C17: =COUNTIFS('Blocked Items Log'!C:C,A17,'Blocked Items Log'!E:E,"External*",'Blocked Items Log'!Q:Q,"<>Resolved") -> 0 | D17: =COUNTIFS('Blocked Items Log'!C:C,A17,'Blocked Items Log'!Q:Q,"Escalated") -> 0 | E17: =IFERROR(maxifs('Blocked Items Log'!S:S,'Blocked Items Log'!C:C,A17,'Blocked Items Log'!Q:Q,"<>Resolved"),0) -> 0
A18: 6.0 Fielding & Transition | B18: =COUNTIFS('Blocked Items Log'!C:C,A18,'Blocked Items Log'!Q:Q,"<>Resolved") -> 0 | C18: =COUNTIFS('Blocked Items Log'!C:C,A18,'Blocked Items Log'!E:E,"External*",'Blocked Items Log'!Q:Q,"<>Resolved") -> 0 | D18: =COUNTIFS('Blocked Items Log'!C:C,A18,'Blocked Items Log'!Q:Q,"Escalated") -> 0 | E18: =IFERROR(maxifs('Blocked Items Log'!S:S,'Blocked Items Log'!C:C,A18,'Blocked Items Log'!Q:Q,"<>Resolved"),0) -> 0
A20: ESCALATED TO CUSTOMER — REQUIRES GOVERNMENT ACTION
A21: Blocker ID | B21: Branch | C21: Title | D21: Days Open | E21: Target Resolution | F21: Status
A22: =IFERROR(INDEX('Blocked Items Log'!A:A,MATCH(1,('Blocked Items Log'!N$6:N$500="Yes")*('Blocked Items Log'!Q$6:Q$500<>"Resolved"),0)+4),"—") -> ▶ COPY THIS ROW — fill in all non-AUTO fields
A23: =IFERROR(INDEX('Blocked Items Log'!A:A,MATCH(1,('Blocked Items Log'!N$6:N$500="Yes")*('Blocked Items Log'!Q$6:Q$500<>"Resolved"),0)+5),"—") -> BL-001
A24: =IFERROR(INDEX('Blocked Items Log'!A:A,MATCH(1,('Blocked Items Log'!N$6:N$500="Yes")*('Blocked Items Log'!Q$6:Q$500<>"Resolved"),0)+6),"—") -> BL-002
A25: =IFERROR(INDEX('Blocked Items Log'!A:A,MATCH(1,('Blocked Items Log'!N$6:N$500="Yes")*('Blocked Items Log'!Q$6:Q$500<>"Resolved"),0)+7),"—") -> BL-003
