Workbook

Sheet Instructions
A1: CHANGE LOG — INSTRUCTIONS & FIELD DEFINITIONS
A2: v2.0 Program • Owner: Program Management • All contract changes must be logged at point of occurrence
A4: FIELD | B4: DEFINITION | C4: ACCEPTED VALUES / GUIDANCE
A5: Change ID | B5: Unique identifier. Format: CR-XXX (e.g., CR-001). Never reuse. | C5: CR-001, CR-002 …
A6: Date Submitted | B6: Date the change was first formally identified or requested. | C6: MM/DD/YYYY
A7: Date Approved/Rejected | B7: Date a decision was made on this change request. | C7: MM/DD/YYYY or Pending
A8: Change Title | B8: Short descriptive title (≤10 words). | C8: Free text
A9: Change Description | B9: Full narrative of what is changing and why it is necessary. | C9: Be specific — include root cause and triggering event
A10: Change Type | B10: Classification of the change. | C10: Scope / Schedule / Cost / Technical / Contractual / Personnel / Process
A11: Initiated By | B11: Who identified or requested the change. | C11: Government Customer / PM / Tech Lead / Security Lead / Contracting Officer / Other
A12: Branch Impacted | B12: Which functional branch(es) does this change affect. | C12: One or more of the six branches
A13: Cost Impact ($) | B13: Estimated dollar impact. Use 0 if none. Negative = savings. | C13: Dollar value — positive = cost increase
A14: Schedule Impact (days) | B14: Number of calendar days the program schedule is affected. 0 if none. | C14: Integer — positive = delay, negative = acceleration
A15: Scope Impact | B15: Narrative description of how program scope is affected, if at all. | C15: Free text or 'None'
... A23: Notes | B23: Additional context, decisions, links to supporting documentation. | C23: Free text

Sheet Change Log
A1: PROGRAM CHANGE LOG
A2: v2.0 Program • Owner: Program Management • Log changes at point of occurrence — do not batch
A3: Change ID | B3: Date Submitted | C3: Date Approved/ Rejected | D3: Change Title | E3: Change Description | F3: Change Type | G3: Initiated By | H3: Branch Impacted | I3: Cost Impact ($) | J3: Schedule Impact (days) | K3: Scope Impact | L3: Decision Authority | M3: Status | N3: Approved By | O3: Contract Mod Required | P3: Mod Number | Q3: Implementation Date | R3: Related Risk ID | S3: Notes
A4: CR-001 | B4: 06/01/2026 | C4: 06/10/2026 | D4: Scope Addition: Mobile Responsive UI | E4: Government customer requested mobile-responsive interface for field users. Not included in original SOW. Requires additional front-end development effort. | F4: Scope | G4: Government Customer | H4: 2.0 Software Development | I4: 45000 | J4: 21 | K4: Addition of mobile UI layer across all existing features. Estimated 3-sprint effort. | L4: Contracting Officer | M4: Approved | N4: Jane Smith, CO | O4: Yes | P4: MOD-001 | Q4: 08/15/2026 | R4: R-002 | S4: MOD-001 executed 06/10. Sprint planning updated.
A5: CR-002 | B5: 06/08/2026 | C5: Pending | D5: ATO Timeline Extension Request | E5: STIG remediation findings are taking longer than planned. Requesting 30-day extension to ATO submission deadline to ensure complete remediation. | F5: Schedule | G5: Security Lead | H5: 3.0 Security & Compliance | I5: 0 | J5: 30 | K5: No scope change. Schedule impact only on ATO submission milestone. | L5: Government COR | M5: Pending | N5: — | O5: No | P5: N/A | Q5: TBD | R5: R-001 | S5: Submitted to COR 06/08. Awaiting response.
A6: CR-003 | B6: 06/15/2026 | C6: 06/18/2026 | D6: Personnel Change: Replace 1099 Dev SME | E6: Senior developer transitioning off contract. Replacement identified. Knowledge transfer period required before full productivity. | F6: Personnel | G6: PM | H6: 2.0 Software Development | I6: 8000 | J6: 14 | K6: No scope change. Temporary velocity reduction during knowledge transfer. | L6: PM | M6: Approved | N6: Bri [PM], Program Lead | O6: No | P6: N/A | Q6: 07/01/2026 | R6: R-004 | S6: KT sessions scheduled 06/20–07/01. New resource onboarded.
A7: CR-004 | B7: 06/20/2026 | C7: Pending | D7: GFE Procurement Path Change | E7: Original GFE procurement path is blocked. Government exploring alternate equipment source. May require environment reconfiguration. | F7: Technical | G7: Government Customer | H7: 4.0 Infra & Environment | I7: 12000 | J7: 45 | K7: Potential reconfiguration of dev/test/prod environment if alternate GFE has different specs. | L7: Government COR | M7: Pending | N7: — | O7: Under Review | P7: N/A | Q7: TBD | R7: R-003 | S7: Infra lead assessing alternate GFE specs. Decision expected 07/01.

Sheet Change Summary
A1: CHANGE LOG SUMMARY DASHBOARD
A2: Auto-calculated from Change Log tab • Do not edit this sheet directly
A4: CHANGES BY STATUS
A5: Status | B5: Count | C5: Total Cost Impact ($) | D5: Total Schedule Impact (days)
A6: Approved | B6: =COUNTIF('Change Log'!M:M,A6) -> 2 | C6: =SUMIF('Change Log'!M:M,A6,'Change Log'!I:I) -> 53000 | D6: =SUMIF('Change Log'!M:M,A6,'Change Log'!J:J) -> 35
A7: Pending | B7: =COUNTIF('Change Log'!M:M,A7) -> 2 | C7: =SUMIF('Change Log'!M:M,A7,'Change Log'!I:I) -> 12000 | D7: =SUMIF('Change Log'!M:M,A7,'Change Log'!J:J) -> 75
A8: Rejected | B8: =COUNTIF('Change Log'!M:M,A8) -> 0 | C8: =SUMIF('Change Log'!M:M,A8,'Change Log'!I:I) -> 0 | D8: =SUMIF('Change Log'!M:M,A8,'Change Log'!J:J) -> 0
A9: On Hold | B9: =COUNTIF('Change Log'!M:M,A9) -> 0 | C9: =SUMIF('Change Log'!M:M,A9,'Change Log'!I:I) -> 0 | D9: =SUMIF('Change Log'!M:M,A9,'Change Log'!J:J) -> 0
A10: Implemented | B10: =COUNTIF('Change Log'!M:M,A10) -> 0 | C10: =SUMIF('Change Log'!M:M,A10,'Change Log'!I:I) -> 0 | D10: =SUMIF('Change Log'!M:M,A10,'Change Log'!J:J) -> 0
A11: TOTAL | B11: =SUM(B6:B10) -> 4 | C11: =SUM(C6:C10) -> 65000 | D11: =SUM(D6:D10) -> 110
A13: CHANGES BY TYPE
A14: Change Type | B14: Count | C14: Total Cost Impact ($) | D14: Contract Mod Required
A15: Scope | B15: =COUNTIF('Change Log'!F:F,A15) -> 1 | C15: =SUMIF('Change Log'!F:F,A15,'Change Log'!I:I) -> 45000 | D15: =COUNTIFS('Change Log'!F:F,A15,'Change Log'!O:O,"Yes") -> 1
A16: Schedule | B16: =COUNTIF('Change Log'!F:F,A16) -> 1 | C16: =SUMIF('Change Log'!F:F,A16,'Change Log'!I:I) -> 0 | D16: =COUNTIFS('Change Log'!F:F,A16,'Change Log'!O:O,"Yes") -> 0
A17: Cost | B17: =COUNTIF('Change Log'!F:F,A17) -> 0 | C17: =SUMIF('Change Log'!F:F,A17,'Change Log'!I:I) -> 0 | D17: =COUNTIFS('Change Log'!F:F,A17,'Change Log'!O:O,"Yes") -> 0
A18: Technical | B18: =COUNTIF('Change Log'!F:F,A18) -> 1 | C18: =SUMIF('Change Log'!F:F,A18,'Change Log'!I:I) -> 12000 | D18: =COUNTIFS('Change Log'!F:F,A18,'Change Log'!O:O,"Yes") -> 0
A19: Contractual | B19: =COUNTIF('Change Log'!F:F,A19) -> 0 | C19: =SUMIF('Change Log'!F:F,A19,'Change Log'!I:I) -> 0 | D19: =COUNTIFS('Change Log'!F:F,A19,'Change Log'!O:O,"Yes") -> 0
A20: Personnel | B20: =COUNTIF('Change Log'!F:F,A20) -> 1 | C20: =SUMIF('Change Log'!F:F,A20,'Change Log'!I:I) -> 8000 | D20: =COUNTIFS('Change Log'!F:F,A20,'Change Log'!O:O,"Yes") -> 0
A21: Process | B21: =COUNTIF('Change Log'!F:F,A21) -> 0 | C21: =SUMIF('Change Log'!F:F,A21,'Change Log'!I:I) -> 0 | D21: =COUNTIFS('Change Log'!F:F,A21,'Change Log'!O:O,"Yes") -> 0
