Workbook

Sheet Instructions
A1: DELIVERABLE TRACKER — INSTRUCTIONS
A2: v2.0 Program • Owner: PM • Tracks contractual artifacts and their government acceptance lifecycle • Work that produces deliverables lives in ClickUp
A4: PURPOSE & DESIGN BOUNDARY
A5: PURPOSE | B5: Tracks every contractual deliverable from due date through government formal acceptance. Answers the questions that come up in government customer meetings and MSRs: What is due this month? What has been submitted and is awaiting response? Has anything been accepted late or rejected? Are we meeting our contractual obligations?
A6: WHAT THIS TRACKER OWNS | B6: The artifact and its contract lifecycle: deliverable ID, CLIN reference, due date, submission date, government acceptance status, early/late/on-time calculation, and revision cycle tracking. This is the compliance story.
A7: WHAT CLICKUP OWNS | B7: The work that produces the deliverable: tasks, subtasks, sprint items, assignees, review cycles, and execution detail. This is the execution story. The two are linked via the ClickUp Reference field — one click from this tracker to the relevant ClickUp epic or list.
A8: EARLY / LATE / ON TIME | B8: Calculated automatically from Baseline Due Date vs. Actual Submission Date. Negative = submitted early (good). Zero = on time. Positive = submitted late. This field is the primary performance metric for deliverable compliance reporting.
A9: REVISION CYCLES | B9: If the government returns a deliverable with comments, a revision cycle opens. The tracker captures the comment summary, revision owner, revised submission date, and re-acceptance outcome. Every revision cycle is logged — the history is the audit trail.
A10: BRIEFING USE | B10: This tracker is designed to feed the MAQ Copilot dashboard and be pulled up directly in government customer meetings. Keep status current. The Current Status field is what the dashboard surfaces.
A12: STATUS DEFINITIONS
A13: STATUS | B13: DEFINITION | C13: ACTION / REPORTING IMPLICATION
A14: Not Started | B14: Deliverable is in the future. Work may or may not have begun in ClickUp. | C14: No action unless due date is within 30 days — flag at-risk deliverables proactively.
A15: Draft In Progress | B15: Work is actively underway in ClickUp. Internal draft exists but is not ready for PM review. | C15: Monitor ClickUp progress. Confirm draft will be ready for internal review with enough lead time before due date.
A16: Internal Review | B16: Draft is complete and under PM or technical review before external submission. | C16: PM ensures review is completed with time to incorporate comments before submission deadline.
A17: Submitted | B17: Deliverable formally submitted to government customer. Submission date recorded. | C17: Start tracking government review period. If contract specifies a review window (e.g. 10 business days), flag when it is approaching.
A18: Accepted | B18: Government customer has formally accepted the deliverable. No further action required. | C18: Record acceptance date. Early/Late calculation auto-updates. Close the deliverable.
A19: Accepted with Comments | B19: Government accepted but provided comments for incorporation in a future version or next deliverable. | C19: Log comments. Assign revision owner. Track incorporation in next applicable deliverable or sprint.
A20: Revision Required | B20: Government returned the deliverable and requires a formal revised resubmission. | C20: Open a revision cycle row. Log government comments. Assign owner and revised due date. This is the highest-priority deliverable status.
A21: Overdue | B21: Baseline due date has passed and deliverable has not been submitted. | C21: Immediate PM escalation. Customer notification likely required. Initiate change request if timeline formally changes.
A22: DELIVERABLE TYPE DEFINITIONS
A23: DELIVERABLE TYPE | B23: DEFINITION
A24: CDRL | B24: Contract Data Requirements List item. Formally specified in the contract with a DD Form 1423. Has a fixed due date and format requirement.
A25: Status Report | B25: Recurring program health report submitted to the government customer. Examples: Monthly Status Report, QPR briefing deck.
A26: Technical Document | B26: Technical artifact such as architecture document, design specification, test plan, or interface control document.
A27: Test Artifact | B27: Test plans, test results, test reports, and GAT documentation produced during OT&E.
A28: Training Material | B28: Training guides, SOPs, user manuals, and onboarding materials developed for government users.
A29: Transition Artifact | B29: Fielding and transition documents: cutover plan, data migration plan, legacy decommission plan, O&M handoff package.
A30: Management Artifact | B30: Program management documents: RACI, risk register submission, project management plan, integrated master schedule.

Sheet Deliverable Register
A1: DELIVERABLE REGISTER [Table: DeliverableRegister]
A2: One row per deliverable • Baseline Due Date set once — never change it • Early/Late auto-calculates from Baseline Due Date vs. Actual Submission Date • Green row = template
A3: Deliverable ID | B3: CLIN / Contract Ref | C3: Deliverable Type | D3: Deliverable Title | E3: Description (what it is) | F3: Branch Owner | G3: Deliverable Owner | H3: Baseline Due Date | I3: Internal Review Deadline | J3: Actual Submission Date | K3: Days Early or Late | L3: Early / Late / On Time | M3: Govt Review Period (days) | N3: Govt Review Deadline | O3: Govt Acceptance Date | P3: Current Status | Q3: Revision Cycle # | R3: Revision Required? | S3: ClickUp Reference | T3: Related Milestone ID | U3: Escalate to Customer? | V3: Notes
A4: Format: D-001 | B4: CLIN ref or contract section | C4: CDRL / Status Report / Tech Doc / Test Artifact etc. | D4: Official deliverable name | E4: What is being delivered and to whom | F4: Branch 1.0–6.0 | G4: Name of person responsible | H4: MM/DD/YYYY SET ONCE NEVER CHANGE | I4: MM/DD/YYYY date by which internal review must be done | J4: MM/DD/YYYY date formally submitted to government | K4: AUTO → negative=early positive=late 0=on time | L4: AUTO → Early / On Time / Late | M4: Days govt has to review per contract | N4: AUTO → Submission + review period | O4: MM/DD/YYYY date govt formally accepted | P4: Not Started / Draft In Prog / Internal Review / Submitted / Accepted / etc. | Q4: 0 = original 1 = first revision etc. | R4: Yes / No | S4: ClickUp epic or list ID or URL | T4: M-001 etc. or blank | U4: Yes / No | V4: Context / comments summary
A5: ▶ COPY THIS ROW — fill non-AUTO fields only | B5: [CLIN ref] | C5: CDRL | D5: [Deliverable title] | E5: [What is being delivered and to whom] | F5: [Branch] | G5: [Owner name] | K5: =IF(AND(ISNUMBER(H5),ISNUMBER(J5)),J5-H5,"—") -> — | L5: =IF(K5="","—",IF(K5<0,"⬆ Early",IF(K5=0,"● On Time","⬇ Late"))) -> ⬇ Late | M5: 10 | N5: =IF(AND(ISNUMBER(J5),ISNUMBER(M5)),J5+M5,"—") -> — | P5: Not Started | Q5: 0 | R5: No | S5: [ClickUp URL or ID] | U5: No
A6: D-001 | B6: CLIN 0001 | C6: Management Artifact | D6: Program Management Plan | E6: Comprehensive PM plan covering governance, risk, schedule, and stakeholder management approach. | F6: 1.0 Program Management | G6: PM | H6: 46143 | I6: 46136 | J6: 46140 | K6: =IF(AND($H6<>"",$J6<>""),$J6-$H6,"—") -> -3 | L6: =IF($K6="—","—",IF($K6<0,"⬆ Early",IF($K6=0,"● On Time","⬇ Late"))) -> ⬆ Early | M6: 10 | N6: =IF(AND($J6<>"",$M6<>""),$J6+$M6,"—") -> 46150 | O6: 46154 | P6: Accepted | Q6: 0 | R6: No | S6: ClickUp/PM-Plan | T6: M-003 | U6: No | V6: Submitted 3 days early. Accepted without comments.
A7: D-002 | B7: CLIN 0001 | C7: Status Report | D7: Monthly Status Report — April 2026 | E7: Monthly program health summary covering schedule, cost, risk, and milestone status for April 2026. | F7: 1.0 Program Management | G7: PM | H7: 46152 | I7: 46149 | J7: 46151 | K7: =IF(AND($H7<>"",$J7<>""),$J7-$H7,"—") -> -1 | L7: =IF($K7="—","—",IF($K7<0,"⬆ Early",IF($K7=0,"● On Time","⬇ Late"))) -> ⬆ Early | M7: 5 | N7: =IF(AND($J7<>"",$M7<>""),$J7+$M7,"—") -> 46156 | O7: 46157 | P7: Accepted | Q7: 0 | R7: No | S7: ClickUp/MSR-Apr | U7: No | V7: Submitted 1 day early. Accepted within 5-day review window.
A8: D-003 | B8: CLIN 0002 | C8: Technical Document | D8: System Architecture Document v1.0 | E8: Baseline architecture document describing v2 system design, integration approach, and technology stack. | F8: 2.0 Software Development | G8: Tech Lead | H8: 46174 | I8: 46165 | J8: 46177 | K8: =IF(AND($H8<>"",$J8<>""),$J8-$H8,"—") -> 3 | L8: =IF($K8="—","—",IF($K8<0,"⬆ Early",IF($K8=0,"● On Time","⬇ Late"))) -> ⬇ Late | M8: 10 | N8: =IF(AND($J8<>"",$M8<>""),$J8+$M8,"—") -> 46187 | P8: Submitted | Q8: 0 | R8: No | S8: ClickUp/ARCH-001 | T8: M-003 | U8: No | V8: Submitted 3 days late due to API schema decision delay (BL-003). Government review window closes 06/14.
A9: D-004 | B9: CLIN 0003 | C9: Test Artifact | D9: GAT Entry Criteria Document | E9: Defines the entry criteria and acceptance standards for Government Acceptance Testing. | F9: 5.0 OT&E | G9: OT&E Lead | H9: 46218 | I9: 46211 | K9: =IF(AND($H9<>"",$J9<>""),$J9-$H9,"—") -> — | L9: =IF($K9="—","—",IF($K9<0,"⬆ Early",IF($K9=0,"● On Time","⬇ Late"))) -> — | M9: 10 | N9: =IF(AND($J9<>"",$M9<>""),$J9+$M9,"—") -> — | P9: Draft In Progress | Q9: 0 | R9: No | S9: ClickUp/GAT-ENTRY | T9: M-007 | U9: No | V9: On track. Internal review deadline 07/08.
A10: D-005 | B10: CLIN 0001 | C10: Status Report | D10: Monthly Status Report — May 2026 | E10: Monthly program health summary covering schedule, cost, risk, and milestone status for May 2026. | F10: 1.0 Program Management | G10: PM | H10: 46183 | I10: 46178 | J10: 46183 | K10: =IF(AND($H10<>"",$J10<>""),$J10-$H10,"—") -> 0 | L10: =IF($K10="—","—",IF($K10<0,"⬆ Early",IF($K10=0,"● On Time","⬇ Late"))) -> ● On Time | M10: 5 | N10: =IF(AND($J10<>"",$M10<>""),$J10+$M10,"—") -> 46188 | P10: Submitted | Q10: 0 | R10: No | S10: ClickUp/MSR-May | U10: No | V10: Submitted on time. Awaiting government review — window closes 06/17.
A11: D-006 | B11: CLIN 0002 | C11: Technical Document | D11: Security Assessment Report (SAR) | E11: Documents security assessment findings, STIG compliance status, and RMF package inputs. | F11: 3.0 Security & Compliance | G11: Security Lead | H11: 46204 | I11: 46197 | K11: =IF(AND($H11<>"",$J11<>""),$J11-$H11,"—") -> — | L11: =IF($K11="—","—",IF($K11<0,"⬆ Early",IF($K11=0,"● On Time","⬇ Late"))) -> — | M11: 15 | N11: =IF(AND($J11<>"",$M11<>""),$J11+$M11,"—") -> — | P11: Internal Review | Q11: 0 | R11: No | S11: ClickUp/SAR-001 | T11: M-004 | U11: No | V11: Internal review in progress. Linked to ATO timeline. On track.
A12: D-007 | B12: CLIN 0004 | C12: Training Material | D12: User Training Guide v1.0 | E12: End-user training guide for v2 system covering core workflows and field use cases. | F12: 6.0 Fielding & Transition | G12: Training Lead | H12: 46280 | I12: 46270 | K12: =IF(AND($H12<>"",$J12<>""),$J12-$H12,"—") -> — | L12: =IF($K12="—","—",IF($K12<0,"⬆ Early",IF($K12=0,"● On Time","⬇ Late"))) -> — | M12: 10 | N12: =IF(AND($J12<>"",$M12<>""),$J12+$M12,"—") -> — | P12: Not Started | Q12: 0 | R12: No | U12: No | V12: Work not yet started. TrainingPro (V-004) engagement begins Q3.
A13: D-008 | B13: CLIN 0002 | C13: Technical Document | D13: Interface Control Document v1.0 | E13: Documents all system interfaces, API contracts, and data exchange specifications. | F13: 2.0 Software Development | G13: Tech Lead | H13: 46157 | I13: 46150 | J13: 46162 | K13: =IF(AND($H13<>"",$J13<>""),$J13-$H13,"—") -> 5 | L13: =IF($K13="—","—",IF($K13<0,"⬆ Early",IF($K13=0,"● On Time","⬇ Late"))) -> ⬇ Late | M13: 10 | N13: =IF(AND($J13<>"",$M13<>""),$J13+$M13,"—") -> 46172 | P13: Revision Required | Q13: 1 | R13: Yes | S13: ClickUp/ICD-001 | U13: Yes | V13: Submitted 5 days late. Govt returned with 12 comments on 06/01. Revision owner: Tech Lead. Revised submission target: 06/28.

Sheet Revision Log
A1: DELIVERABLE REVISION LOG [Table: RevisionLog]
A2: One row per revision cycle per deliverable • Opened when govt returns a deliverable requiring resubmission • Links back to Deliverable Register via Deliverable ID
A3: Revision ID | B3: Deliverable ID | C3: Deliverable Title | D3: Revision Cycle # | E3: Date Govt Returned | F3: Govt Comment Summary | G3: Revision Owner | H3: Revised Submission Target | I3: Actual Revised Submission | J3: Days to Resolve | K3: Govt Acceptance of Revision | L3: Notes
A4: REV-001 | B4: D-008 | C4: Interface Control Document v1.0 | D4: 1 | E4: 06/01/2026 | F4: 12 comments: (1) API versioning inconsistency in sections 3 and 7, (2) missing data dictionary for 4 endpoints, (3) error code taxonomy incomplete. Full comment matrix attached to email 06/01. | G4: Tech Lead | H4: 06/28/2026 | J4: =IF(AND(ISNUMBER(E4),ISNUMBER(I4)),I4-E4,IF(ISNUMBER(E4),TODAY()-E4,"—")) -> — | K4: Pending | L4: Revision in progress. Tech Lead reviewing all 12 comments. Target 06/28.
A5: ▶ REV-00X | B5: [D-00X] | C5: [Deliverable title] | D5: 1 | F5: [Govt comment summary — be specific] | G5: [Owner] | J5: =IF(AND(ISNUMBER(E5),ISNUMBER(I5)),I5-E5,IF(ISNUMBER(E5),TODAY()-E5,"—")) -> — | K5: Pending

Sheet Summary Dashboard
A1: DELIVERABLE SUMMARY DASHBOARD
A2: Auto-calculated from Deliverable Register and Revision Log • Designed for government customer meetings and MSR preparation • Do not edit directly
A4: DELIVERY PERFORMANCE — SUBMITTED DELIVERABLES
A5: Metric | B5: Count / Value
A6: Total Deliverables on Contract | B6: =COUNTA('Deliverable Register'!A6:A200) -> 8
A7: Submitted (all time) | B7: =COUNTIFS('Deliverable Register'!P6:P200,"Accepted")+COUNTIFS('Deliverable Register'!P6:P200,"Accepted with Comments")+COUNTIFS('Deliverable Register'!P6:P200,"Submitted")+COUNTIFS('Deliverable Register'!P6:P200,"Revision Required") -> 5
A8: Accepted (no revision required) | B8: =COUNTIF('Deliverable Register'!P6:P200,"Accepted") -> 2
A9: Submitted Early | B9: =COUNTIF('Deliverable Register'!L6:L200,"⬆ Early") -> 2
A10: Submitted On Time | B10: =COUNTIF('Deliverable Register'!L6:L200,"● On Time") -> 1
A11: Submitted Late | B11: =COUNTIF('Deliverable Register'!L6:L200,"⬇ Late") -> 2
A12: Revision Required (open) | B12: =COUNTIF('Deliverable Register'!P6:P200,"Revision Required") -> 1
A13: Overdue (not yet submitted) | B13: =COUNTIF('Deliverable Register'!P6:P200,"Overdue") -> 0
A14: On-Time Delivery Rate | B14: =IFERROR((COUNTIF('Deliverable Register'!L6:L200,"⬆ Early")+COUNTIF('Deliverable Register'!L6:L200,"● On Time"))/(COUNTIF('Deliverable Register'!L6:L200,"⬆ Early")+COUNTIF('Deliverable Register'!L6:L200,"● On Time")+COUNTIF('Deliverable Register'!L6:L200,"⬇ Late")),0) -> 0.6
A16: UPCOMING — DUE WITHIN 60 DAYS
A17: Deliverable ID | B17: Title | C17: Branch Owner | D17: Baseline Due | E17: Internal Review Deadline | F17: Current Status
A18: D-004 | B18: GAT Entry Criteria Document | C18: 5.0 OT&E | D18: 07/15/2026 | E18: 07/08/2026 | F18: Draft In Progress
A19: D-006 | B19: Security Assessment Report (SAR) | C19: 3.0 Security & Compliance | D19: 07/01/2026 | E19: 06/24/2026 | F19: Internal Review
A21: ACTION REQUIRED — REVISION CYCLES OPEN
A22: Deliverable ID | B22: Title | C22: Govt Returned | D22: Revised Target | E22: Days Open | F22: Status
A23: D-008 | B23: Interface Control Document v1.0 | C23: 06/01/2026 | D23: 06/28/2026 | E23: =IF(ISNUMBER(C23),TODAY()-C23,"—") -> — | F23: Pending
