Workbook

Sheet Instructions
A1: RISK REGISTER — INSTRUCTIONS & FIELD DEFINITIONS
A2: v2.0 Program • Program Management Branch
A4: FIELD | B4: DEFINITION | C4: ACCEPTED VALUES / GUIDANCE
A5: Risk ID | B5: Unique identifier. Format: R-XXX (e.g., R-001). Never reuse an ID. | C5: R-001, R-002 …
A6: Date Identified | B6: Date the risk was first surfaced. | C6: MM/DD/YYYY
A7: Branch | B7: Functional branch where the risk originates. | C7: 1.0 Program Mgmt / 2.0 Software Dev / 3.0 Security & Compliance / 4.0 Infra & Environment / 5.0 OT&E / 6.0 Fielding & Transition
A8: Risk Title | B8: Short descriptive title (≤10 words). | C8: Free text
A9: Risk Description | B9: Full narrative of the risk condition and its potential consequence. | C9: Free text — be specific about trigger and impact
A10: Category | B10: Risk type classification. | C10: Schedule / Cost / Technical / Security / Resource / Compliance / External
A11: Likelihood | B11: Probability the risk materializes. Assign 1–5. | C11: 1=Rare 2=Unlikely 3=Possible 4=Likely 5=Almost Certain
A12: Impact | B12: Severity of consequence if the risk occurs. Assign 1–5. | C12: 1=Negligible 2=Minor 3=Moderate 4=Major 5=Critical
A13: Risk Score | B13: Likelihood × Impact. Calculated automatically. | C13: 1–25 (formula-driven)
A14: Risk Level | B14: Derived rating band. | C14: Low (1–4) / Medium (5–9) / High (10–16) / Critical (17–25)
A15: Risk Owner | B15: Individual accountable for monitoring and mitigation. | C15: Full name — one person, not a team
... A23: Notes | B23: Any additional context, decisions made, or links to related items. | C23: Free text

Sheet Risk Register
A1: Column1 | B1: Column2 | C1: Column3 | D1: Column4 | E1: Column5 | F1: Column6 | G1: Column7 | H1: Column8 | I1: Column9 | J1: Column10 | K1: Column11 | L1: Column12 | M1: Column13 | N1: Column14 | O1: Column15 | P1: Column16 | Q1: Column17 | R1: Column18 | S1: Column19 | T1: Column20
A2: PROGRAM RISK REGISTER
A3: v2.0 Program • Owner: Program Management • Update cadence: Weekly tag-up
A4: Risk ID | B4: Date Identified | C4: Branch | D4: Risk Title | E4: Risk Description | F4: Category | G4: Likelihood (1–5) | H4: Impact (1–5) | I4: Risk Score | J4: Risk Level | K4: Risk Owner | L4: Mitigation Strategy | M4: Contingency Plan | N4: Target Resolution | O4: Status | P4: Trend | Q4: Escalate to Customer | R4: Last Updated | S4: Notes
A5: R-001 | B5: 06/23/2026 | C5: 3.0 Security & Compliance | D5: ATO Timeline Slip | E5: RMF package submission may be delayed due to incomplete STIG remediation, potentially blocking deployment at phase gate. | F5: Security | G5: 4 | H5: 5 | I5: =G5*H5 -> 20 | J5: =IF(I5>=17,"Critical",IF(I5>=10,"High",IF(I5>=5,"Medium","Low"))) -> Critical | K5: Security Lead | L5: Accelerate STIG remediation sprint; prioritize findings that block ATO submission. | M5: Request interim ATO or phased authorization from government AO. | N5: 09/01/2026 | O5: Open | P5: ↑ Increasing | Q5: Yes | R5: 06/23/2026 | S5: Escalated to PM. Weekly check-in with Security lead.
A6: R-002 | B6: 06/23/2026 | C6: 2.0 Software Development | D6: Technical Debt Accumulation | E6: Rapid feature development pace is generating technical debt that may degrade code quality and increase defect rate in later sprints. | F6: Technical | G6: 3 | H6: 3 | I6: =G6*H6 -> 9 | J6: =IF(I6>=17,"Critical",IF(I6>=10,"High",IF(I6>=5,"Medium","Low"))) -> Medium | K6: Dev Lead | L6: Allocate 20% of each sprint to debt reduction. Track in technical debt register. | M6: Descope lower-priority features in PI planning to create remediation sprint. | N6: 10/01/2026 | O6: Monitoring | P6: → Stable | Q6: No | R6: 06/23/2026 | S6: Debt register reviewed bi-weekly.
A7: R-003 | B7: 06/23/2026 | C7: 4.0 Infra & Environment | D7: GFE Procurement Delay | E7: Government-furnished equipment required for production environment has not been procured, risking dev/prod parity and deployment readiness. | F7: External | G7: 3 | H7: 4 | I7: =G7*H7 -> 12 | J7: =IF(I7>=17,"Critical",IF(I7>=10,"High",IF(I7>=5,"Medium","Low"))) -> High | K7: Infra Lead | L7: Coordinate with government COR on procurement timeline. Identify interim cloud environment to maintain dev continuity. | M7: Extend dev environment timeline; adjust phase gate date if GFE not available. | N7: 08/15/2026 | O7: Open | P7: → Stable | Q7: Yes | R7: 06/23/2026 | S7: COR notified 06/15. Awaiting procurement status.
A8: R-004 | B8: 06/23/2026 | C8: 1.0 Program Management | D8: Key Personnel Departure | E8: Loss of a 1099 SME with deep system knowledge could create a capability gap and slow development velocity. | F8: Resource | G8: 2 | H8: 4 | I8: =G8*H8 -> 8 | J8: =IF(I8>=17,"Critical",IF(I8>=10,"High",IF(I8>=5,"Medium","Low"))) -> Medium | K8: PM | L8: Document institutional knowledge. Cross-train team members. Include knowledge transfer in sprint definitions. | M8: Activate bench resource. Extend timeline for affected features. | N8: Ongoing | O8: Monitoring | P8: → Stable | Q8: No | R8: 06/23/2026 | S8: Knowledge transfer sessions scheduled monthly.
A9: R-005 | B9: 06/23/2026 | C9: 5.0 OT&E | D9: GAT Entry Criteria Not Met | E9: Software increments may fail to meet government acceptance testing entry criteria, requiring rework and delaying OT&E schedule. | F9: Schedule | G9: 3 | H9: 4 | I9: =G9*H9 -> 12 | J9: =IF(I9>=17,"Critical",IF(I9>=10,"High",IF(I9>=5,"Medium","Low"))) -> High | K9: OT&E Lead | L9: Define and enforce Dev T&E entry criteria that mirror GAT requirements. No release without internal sign-off. | M9: Negotiate limited re-test window with government. Descope to stable feature set. | N9: Continuous | O9: Open | P9: → Stable | Q9: Yes | R9: 06/23/2026 | S9: Entry criteria document under development.

Sheet Summary Dashboard
A1: RISK SUMMARY DASHBOARD
A2: Auto-calculated from Risk Register tab • Do not edit this sheet directly
A4: OPEN RISKS BY LEVEL
A5: Risk Level | B5: Count | C5: % of Total | D5: Threshold | E5: Status
A6: Critical | B6: =COUNTIFS('Risk Register'!J:J,"Critical",'Risk Register'!O:O,"<>Closed") -> 1 | C6: =IF(B10>0,B6/B10,0) -> 0.2 | D6: 0 | E6: =IF(B6>D6,"EXCEEDED","OK") -> OK
A7: High | B7: =COUNTIFS('Risk Register'!J:J,"High",'Risk Register'!O:O,"<>Closed") -> 2 | C7: =IF(B10>0,B7/B10,0) -> 0.4 | D7: 3 | E7: =IF(B7>D7,"EXCEEDED","OK") -> OK
A8: Medium | B8: =COUNTIFS('Risk Register'!J:J,"Medium",'Risk Register'!O:O,"<>Closed") -> 2 | C8: =IF(B10>0,B8/B10,0) -> 0.4 | D8: 8 | E8: =IF(B8>D8,"EXCEEDED","OK") -> OK
A9: Low | B9: =COUNTIFS('Risk Register'!J:J,"Low",'Risk Register'!O:O,"<>Closed") -> 0 | C9: =IF(B10>0,B9/B10,0) -> 0 | D9: — | E9: —
A10: Total Open | B10: =SUM(B6:B9) -> 5 | C10: =IF(B10>0,B10/B10,0) -> 1 | D10: — | E10: —
A13: OPEN RISKS BY BRANCH
A14: Branch | B14: Open Risks | C14: Critical/High | D14: Escalated to Customer
A15: 1.0 Program Management | B15: =COUNTIFS('Risk Register'!C:C,A15,'Risk Register'!O:O,"<>Closed") -> 1 | C15: =COUNTIFS('Risk Register'!C:C,A15,'Risk Register'!J:J,"Critical",'Risk Register'!O:O,"<>Closed")+COUNTIFS('Risk Register'!C:C,A15,'Risk Register'!J:J,"High",'Risk Register'!O:O,"<>Closed") -> 0 | D15: =COUNTIFS('Risk Register'!C:C,A15,'Risk Register'!Q:Q,"Yes",'Risk Register'!O:O,"<>Closed") -> 0
A16: 2.0 Software Development | B16: =COUNTIFS('Risk Register'!C:C,A16,'Risk Register'!O:O,"<>Closed") -> 1 | C16: =COUNTIFS('Risk Register'!C:C,A16,'Risk Register'!J:J,"Critical",'Risk Register'!O:O,"<>Closed")+COUNTIFS('Risk Register'!C:C,A16,'Risk Register'!J:J,"High",'Risk Register'!O:O,"<>Closed") -> 0 | D16: =COUNTIFS('Risk Register'!C:C,A16,'Risk Register'!Q:Q,"Yes",'Risk Register'!O:O,"<>Closed") -> 0
A17: 3.0 Security & Compliance | B17: =COUNTIFS('Risk Register'!C:C,A17,'Risk Register'!O:O,"<>Closed") -> 1 | C17: =COUNTIFS('Risk Register'!C:C,A17,'Risk Register'!J:J,"Critical",'Risk Register'!O:O,"<>Closed")+COUNTIFS('Risk Register'!C:C,A17,'Risk Register'!J:J,"High",'Risk Register'!O:O,"<>Closed") -> 1 | D17: =COUNTIFS('Risk Register'!C:C,A17,'Risk Register'!Q:Q,"Yes",'Risk Register'!O:O,"<>Closed") -> 1
A18: 4.0 Infra & Environment | B18: =COUNTIFS('Risk Register'!C:C,A18,'Risk Register'!O:O,"<>Closed") -> 1 | C18: =COUNTIFS('Risk Register'!C:C,A18,'Risk Register'!J:J,"Critical",'Risk Register'!O:O,"<>Closed")+COUNTIFS('Risk Register'!C:C,A18,'Risk Register'!J:J,"High",'Risk Register'!O:O,"<>Closed") -> 1 | D18: =COUNTIFS('Risk Register'!C:C,A18,'Risk Register'!Q:Q,"Yes",'Risk Register'!O:O,"<>Closed") -> 1
A19: 5.0 OT&E | B19: =COUNTIFS('Risk Register'!C:C,A19,'Risk Register'!O:O,"<>Closed") -> 1 | C19: =COUNTIFS('Risk Register'!C:C,A19,'Risk Register'!J:J,"Critical",'Risk Register'!O:O,"<>Closed")+COUNTIFS('Risk Register'!C:C,A19,'Risk Register'!J:J,"High",'Risk Register'!O:O,"<>Closed") -> 1 | D19: =COUNTIFS('Risk Register'!C:C,A19,'Risk Register'!Q:Q,"Yes",'Risk Register'!O:O,"<>Closed") -> 1
A20: 6.0 Fielding & Transition | B20: =COUNTIFS('Risk Register'!C:C,A20,'Risk Register'!O:O,"<>Closed") -> 0 | C20: =COUNTIFS('Risk Register'!C:C,A20,'Risk Register'!J:J,"Critical",'Risk Register'!O:O,"<>Closed")+COUNTIFS('Risk Register'!C:C,A20,'Risk Register'!J:J,"High",'Risk Register'!O:O,"<>Closed") -> 0 | D20: =COUNTIFS('Risk Register'!C:C,A20,'Risk Register'!Q:Q,"Yes",'Risk Register'!O:O,"<>Closed") -> 0
