Workbook

Sheet Instructions
A1: SCHEDULE VARIANCE TRACKER — INSTRUCTIONS
A2: v2.0 Program • Owner: PM / Scheduler • Update weekly before tag-up • Baseline dates are set once and never changed
A4: PURPOSE & DESIGN PRINCIPLES
A5: PURPOSE | B5: Surfaces milestone and phase gate schedule health for PM, government customer, and stakeholder reporting. MS Project holds the full schedule. This tracker holds the reportable view — milestones and phase gates only, with variance narrative.
A6: BASELINE DATES | B6: Baseline dates are set at program start (or at the beginning of each phase) and NEVER changed. They are the reference point against which all variance is measured. If a milestone is re-baselined, create a new row and mark the old one as Re-baselined.
A7: UPDATE CADENCE | B7: Updated weekly by the PM or scheduler before the tag-up. Current Projected Date is the only field that changes week to week for in-progress milestones. Completed milestones get an Actual Date and Status = Complete.
A8: WHAT GOES HERE | B8: Milestones and phase gates only — not individual tasks. Rule of thumb: if it would appear on a program summary schedule or in an MSR, it goes here. Sprint-level tasks stay in ClickUp or COSMOS.
A9: VARIANCE NARRATIVE | B9: Any milestone showing Slipped or At Risk status MUST have a root cause and recovery plan entered. A variance number without a narrative is not useful to a decision-maker.
A10: FEEDING STAKEHOLDER REPORTS | B10: Cowork or MAQ's app reads this tracker weekly. The Variance Summary tab provides the aggregated view. Only At Risk and Slipped milestones surface in stakeholder reports unless the PM flags otherwise.
A12: STATUS DEFINITIONS
A13: STATUS | B13: DEFINITION | C13: REPORTING ACTION
A14: Not Started | B14: Milestone is in the future and no work has begun on it yet. | C14: No action unless baseline date is approaching.
A15: On Track | B15: Current projected date = baseline date. No variance. | C15: Report as green in stakeholder reports.
A16: At Risk | B16: Variance of 1–14 days. Milestone may slip without corrective action. | C16: Flag in weekly report. Include root cause and recovery plan.
A17: Slipped | B17: Variance >14 days or milestone has passed its baseline date without completion. | C17: Mandatory narrative. Surface in MSR. Government notification may be required.
A18: Complete | B18: Milestone achieved. Enter actual completion date. | C18: Report actual vs. baseline variance in QPR narrative.
A19: Re-baselined | B19: Baseline formally re-set via approved change request. Original row archived. | C19: Reference CR number in Notes. New row created with new baseline.

Sheet Schedule Variance Log
A1: SCHEDULE VARIANCE LOG [Table: ScheduleVariance]
A2: Baseline dates are set once — never change them • Update Current Projected Date weekly • Slipped or At Risk milestones require root cause and recovery plan • Green row = template
A3: Milestone ID | B3: Phase | C3: Branch | D3: Milestone Name | E3: Milestone Type | F3: Baseline Date | G3: Current Projected Date | H3: Actual Completion Date | I3: Days Variance | J3: Variance Direction | K3: Status | L3: Root Cause (if slipped or at risk) | M3: Recovery Plan | N3: Recovery Target Date | O3: Impacts Downstream? | P3: Downstream Milestones Affected | Q3: Escalate to Customer? | R3: Related CR / Risk | S3: Notes
A4: Format: M-001 | B4: Phase 0 / Phase 1 etc. | C4: Branch 1.0–6.0 or All | D4: ≤8 words | E4: Phase Gate / Govt Deliverable / Internal Chkpt / OT&E Event / Sprint Review | F4: MM/DD/YYYY SET ONCE NEVER CHANGE | G4: MM/DD/YYYY Update weekly | H4: MM/DD/YYYY when done | I4: AUTO → formula | J4: AUTO → formula | K4: Not Started / On Track / At Risk / Slipped / Complete / Re-baselined | L4: Required if At Risk or Slipped | M4: Required if At Risk or Slipped | N4: MM/DD/YYYY | O4: Yes / No | P4: M-002, M-005 etc. | Q4: Yes / No | R4: CR-001 / R-001 etc. | S4: Context
A5: ▶ COPY THIS ROW — fill all non-AUTO fields | B5: [Phase] | C5: [Branch] | D5: [Milestone name] | E5: Internal Checkpoint | I5: =IF(AND(ISNUMBER(F5),ISNUMBER(G5)),G5-F5,"—") -> — | J5: =IF(I5="","—",IF(I5<0,"⬆ Early",IF(I5=0,"● On Time","⬇ Slipped"))) -> ⬇ Slipped | K5: Not Started | O5: No | Q5: No
A6: M-001 | B6: Phase 0 | C6: All | D6: Program Kickoff | E6: Internal Checkpoint | F6: 04/01/2026 | G6: 04/01/2026 | H6: 04/01/2026 | I6: =IF(AND(ISNUMBER(F6),ISNUMBER(G6)),G6-F6,"—") -> — | J6: =IF(I6="","—",IF(K6="Complete",IF(H6<F6,"⬆ Early",IF(H6=F6,"● On Time","⬇ Slipped")),IF(I6<0,"⬆ Early",IF(I6=0,"● On Time","⬇ Slipped")))) -> ● On Time | K6: Complete | O6: No | Q6: No | S6: Kickoff completed on schedule. All branch leads attended.
A7: M-002 | B7: Phase 0 | C7: 1.0 Program Management | D7: PM Framework Baseline | E7: Internal Checkpoint | F7: 04/15/2026 | G7: 04/22/2026 | H7: 04/22/2026 | I7: =IF(AND(ISNUMBER(F7),ISNUMBER(G7)),G7-F7,"—") -> — | J7: =IF(I7="","—",IF(K7="Complete",IF(H7<F7,"⬆ Early",IF(H7=F7,"● On Time","⬇ Slipped")),IF(I7<0,"⬆ Early",IF(I7=0,"● On Time","⬇ Slipped")))) -> ⬇ Slipped | K7: Complete | L7: Branch RACI took longer than planned to finalize. | M7: N/A — complete | O7: No | Q7: No | S7: 7-day slip. No downstream impact. Recovered before Phase 1 start.
A8: M-003 | B8: Phase 0 | C8: All | D8: Feasibility Gate / Phase 0 Close | E8: Phase Gate | F8: 05/15/2026 | G8: 05/15/2026 | H8: 05/15/2026 | I8: =IF(AND(ISNUMBER(F8),ISNUMBER(G8)),G8-F8,"—") -> — | J8: =IF(I8="","—",IF(K8="Complete",IF(H8<F8,"⬆ Early",IF(H8=F8,"● On Time","⬇ Slipped")),IF(I8<0,"⬆ Early",IF(I8=0,"● On Time","⬇ Slipped")))) -> ● On Time | K8: Complete | O8: No | Q8: No | S8: Gate passed. All entry criteria met. Phase 1 authorized.
A9: M-004 | B9: Phase 1 | C9: 3.0 Security & Compliance | D9: RMF Package Submission | E9: Govt Deliverable | F9: 07/01/2026 | G9: 08/01/2026 | I9: =IF(AND(ISNUMBER(F9),ISNUMBER(G9)),G9-F9,"—") -> — | J9: =IF(I9="","—",IF(K9="Complete",IF(H9<F9,"⬆ Early",IF(H9=F9,"● On Time","⬇ Slipped")),IF(I9<0,"⬆ Early",IF(I9=0,"● On Time","⬇ Slipped")))) -> ⬇ Slipped | K9: Slipped | L9: STIG remediation findings exceeded initial estimate. 47 open findings remain vs. 12 planned at this stage. | M9: Dedicated STIG remediation sprint allocated. CyberShield resource hours increased per SUBK-002 Mod-001. | N9: 07/25/2026 | O9: Yes | P9: M-008 | Q9: Yes | R9: R-001 / CR-002 | S9: 31-day slip. Government ATO timeline impact likely. COR notified 06/05.
A10: M-005 | B10: Phase 1 | C10: 4.0 Infra & Environment | D10: Production Env Provisioned | E10: Internal Checkpoint | F10: 06/15/2026 | G10: 07/30/2026 | I10: =IF(AND(ISNUMBER(F10),ISNUMBER(G10)),G10-F10,"—") -> — | J10: =IF(I10="","—",IF(K10="Complete",IF(H10<F10,"⬆ Early",IF(H10=F10,"● On Time","⬇ Slipped")),IF(I10<0,"⬆ Early",IF(I10=0,"● On Time","⬇ Slipped")))) -> ⬇ Slipped | K10: Slipped | L10: GFE server delivery delayed 6 weeks from original schedule. Alternate cloud path under evaluation. | M10: Infra Lead scoping interim cloud workaround. Awaiting COR authorization per BL-002. | N10: 07/25/2026 | O10: Yes | P10: M-006, M-007 | Q10: Yes | R10: R-003 / CR-004 | S10: 45-day slip. Critical path impact. PM escalated to COR.
A11: M-006 | B11: Phase 1 | C11: 2.0 Software Development | D11: Sprint 4 Feature Complete | E11: Sprint Review | F11: 06/30/2026 | G11: 07/07/2026 | I11: =IF(AND(ISNUMBER(F11),ISNUMBER(G11)),G11-F11,"—") -> — | J11: =IF(I11="","—",IF(K11="Complete",IF(H11<F11,"⬆ Early",IF(H11=F11,"● On Time","⬇ Slipped")),IF(I11<0,"⬆ Early",IF(I11=0,"● On Time","⬇ Slipped")))) -> ⬇ Slipped | K11: At Risk | L11: API schema decision (BL-003) delayed Sprint 4 start by one week. | M11: Decision session scheduled 06/18. If resolved, sprint can recover. | N11: 07/07/2026 | O11: No | Q11: No | R11: BL-003 | S11: 7-day slip if blocker not resolved by 06/18.
A12: M-007 | B12: Phase 1 | C12: 5.0 OT&E | D12: GAT Entry Criteria Published | E12: Govt Deliverable | F12: 07/15/2026 | G12: 07/15/2026 | I12: =IF(AND(ISNUMBER(F12),ISNUMBER(G12)),G12-F12,"—") -> — | J12: =IF(I12="","—",IF(K12="Complete",IF(H12<F12,"⬆ Early",IF(H12=F12,"● On Time","⬇ Slipped")),IF(I12<0,"⬆ Early",IF(I12=0,"● On Time","⬇ Slipped")))) -> ⬇ Slipped | K12: On Track | O12: No | Q12: No | S12: Entry criteria document in final review. On track.
A13: M-008 | B13: Phase 1 | C13: 3.0 Security & Compliance | D13: ATO Granted | E13: Phase Gate | F13: 09/01/2026 | G13: 10/01/2026 | I13: =IF(AND(ISNUMBER(F13),ISNUMBER(G13)),G13-F13,"—") -> — | J13: =IF(I13="","—",IF(K13="Complete",IF(H13<F13,"⬆ Early",IF(H13=F13,"● On Time","⬇ Slipped")),IF(I13<0,"⬆ Early",IF(I13=0,"● On Time","⬇ Slipped")))) -> ⬇ Slipped | K13: Slipped | L13: Dependent on M-004 RMF package submission. 31-day upstream slip propagates. | M13: Recovery tied to M-004 recovery plan. No independent recovery path. | N13: 10/01/2026 | O13: Yes | Q13: Yes | R13: R-001 | S13: Downstream slip from M-004. ATO timeline formally communicated to government.

Sheet Variance Summary
A1: SCHEDULE VARIANCE SUMMARY
A2: Auto-calculated from Schedule Variance Log • Use for weekly status reports, MSRs, and QPRs
A4: MILESTONE STATUS SUMMARY
A5: Status | B5: Count | C5: % of Total | D5: Govt Deliverables Affected | E5: Phase Gate Affected | F5: Action
A6: Slipped | B6: =COUNTIF('Schedule Variance Log'!K:K,A6) -> 3 | C6: =IFERROR(B6/SUM(B6:B11),0) -> 0.33333333 | D6: =COUNTIFS('Schedule Variance Log'!K:K,A6,'Schedule Variance Log'!E:E,"Govt Deliverable") -> 1 | E6: =COUNTIFS('Schedule Variance Log'!K:K,A6,'Schedule Variance Log'!E:E,"Phase Gate") -> 1 | F6: Mandatory narrative + customer notification review
A7: At Risk | B7: =COUNTIF('Schedule Variance Log'!K:K,A7) -> 1 | C7: =IFERROR(B7/SUM(B6:B11),0) -> 0.11111111 | D7: =COUNTIFS('Schedule Variance Log'!K:K,A7,'Schedule Variance Log'!E:E,"Govt Deliverable") -> 0 | E7: =COUNTIFS('Schedule Variance Log'!K:K,A7,'Schedule Variance Log'!E:E,"Phase Gate") -> 0 | F7: Flag in weekly report — recovery plan required
A8: On Track | B8: =COUNTIF('Schedule Variance Log'!K:K,A8) -> 1 | C8: =IFERROR(B8/SUM(B6:B11),0) -> 0.11111111 | D8: =COUNTIFS('Schedule Variance Log'!K:K,A8,'Schedule Variance Log'!E:E,"Govt Deliverable") -> 1 | E8: =COUNTIFS('Schedule Variance Log'!K:K,A8,'Schedule Variance Log'!E:E,"Phase Gate") -> 0 | F8: Report as green
A9: Complete | B9: =COUNTIF('Schedule Variance Log'!K:K,A9) -> 3 | C9: =IFERROR(B9/SUM(B6:B11),0) -> 0.33333333 | D9: =COUNTIFS('Schedule Variance Log'!K:K,A9,'Schedule Variance Log'!E:E,"Govt Deliverable") -> 0 | E9: =COUNTIFS('Schedule Variance Log'!K:K,A9,'Schedule Variance Log'!E:E,"Phase Gate") -> 1 | F9: Report actual vs baseline in QPR
A10: Not Started | B10: =COUNTIF('Schedule Variance Log'!K:K,A10) -> 1 | C10: =IFERROR(B10/SUM(B6:B11),0) -> 0.11111111 | D10: =COUNTIFS('Schedule Variance Log'!K:K,A10,'Schedule Variance Log'!E:E,"Govt Deliverable") -> 0 | E10: =COUNTIFS('Schedule Variance Log'!K:K,A10,'Schedule Variance Log'!E:E,"Phase Gate") -> 0 | F10: Flag if baseline date approaching within 30 days
A11: Re-baselined | B11: =COUNTIF('Schedule Variance Log'!K:K,A11) -> 0 | C11: =IFERROR(B11/SUM(B6:B11),0) -> 0 | D11: =COUNTIFS('Schedule Variance Log'!K:K,A11,'Schedule Variance Log'!E:E,"Govt Deliverable") -> 0 | E11: =COUNTIFS('Schedule Variance Log'!K:K,A11,'Schedule Variance Log'!E:E,"Phase Gate") -> 0 | F11: Reference CR number in narrative
A13: VARIANCE BY BRANCH
A14: Branch | B14: Total Milestones | C14: On Track or Complete | D14: Slipped | E14: At Risk | F14: Avg Variance (days)
A15: 1.0 Program Management | B15: =COUNTIF('Schedule Variance Log'!C:C,A15) -> 1 | C15: =COUNTIFS('Schedule Variance Log'!C:C,A15,'Schedule Variance Log'!K:K,"On Track")+COUNTIFS('Schedule Variance Log'!C:C,A15,'Schedule Variance Log'!K:K,"Complete") -> 1 | D15: =COUNTIFS('Schedule Variance Log'!C:C,A15,'Schedule Variance Log'!K:K,"Slipped") -> 0 | E15: =COUNTIFS('Schedule Variance Log'!C:C,A15,'Schedule Variance Log'!K:K,"At Risk") -> 0 | F15: =IFERROR(AVERAGEIFS('Schedule Variance Log'!I:I,'Schedule Variance Log'!C:C,A15,'Schedule Variance Log'!I:I,">0"),0) -> 0
A16: 2.0 Software Development | B16: =COUNTIF('Schedule Variance Log'!C:C,A16) -> 1 | C16: =COUNTIFS('Schedule Variance Log'!C:C,A16,'Schedule Variance Log'!K:K,"On Track")+COUNTIFS('Schedule Variance Log'!C:C,A16,'Schedule Variance Log'!K:K,"Complete") -> 0 | D16: =COUNTIFS('Schedule Variance Log'!C:C,A16,'Schedule Variance Log'!K:K,"Slipped") -> 0 | E16: =COUNTIFS('Schedule Variance Log'!C:C,A16,'Schedule Variance Log'!K:K,"At Risk") -> 1 | F16: =IFERROR(AVERAGEIFS('Schedule Variance Log'!I:I,'Schedule Variance Log'!C:C,A16,'Schedule Variance Log'!I:I,">0"),0) -> 0
A17: 3.0 Security & Compliance | B17: =COUNTIF('Schedule Variance Log'!C:C,A17) -> 2 | C17: =COUNTIFS('Schedule Variance Log'!C:C,A17,'Schedule Variance Log'!K:K,"On Track")+COUNTIFS('Schedule Variance Log'!C:C,A17,'Schedule Variance Log'!K:K,"Complete") -> 0 | D17: =COUNTIFS('Schedule Variance Log'!C:C,A17,'Schedule Variance Log'!K:K,"Slipped") -> 2 | E17: =COUNTIFS('Schedule Variance Log'!C:C,A17,'Schedule Variance Log'!K:K,"At Risk") -> 0 | F17: =IFERROR(AVERAGEIFS('Schedule Variance Log'!I:I,'Schedule Variance Log'!C:C,A17,'Schedule Variance Log'!I:I,">0"),0) -> 0
A18: 4.0 Infra & Environment | B18: =COUNTIF('Schedule Variance Log'!C:C,A18) -> 1 | C18: =COUNTIFS('Schedule Variance Log'!C:C,A18,'Schedule Variance Log'!K:K,"On Track")+COUNTIFS('Schedule Variance Log'!C:C,A18,'Schedule Variance Log'!K:K,"Complete") -> 0 | D18: =COUNTIFS('Schedule Variance Log'!C:C,A18,'Schedule Variance Log'!K:K,"Slipped") -> 1 | E18: =COUNTIFS('Schedule Variance Log'!C:C,A18,'Schedule Variance Log'!K:K,"At Risk") -> 0 | F18: =IFERROR(AVERAGEIFS('Schedule Variance Log'!I:I,'Schedule Variance Log'!C:C,A18,'Schedule Variance Log'!I:I,">0"),0) -> 0
A19: 5.0 OT&E | B19: =COUNTIF('Schedule Variance Log'!C:C,A19) -> 1 | C19: =COUNTIFS('Schedule Variance Log'!C:C,A19,'Schedule Variance Log'!K:K,"On Track")+COUNTIFS('Schedule Variance Log'!C:C,A19,'Schedule Variance Log'!K:K,"Complete") -> 1 | D19: =COUNTIFS('Schedule Variance Log'!C:C,A19,'Schedule Variance Log'!K:K,"Slipped") -> 0 | E19: =COUNTIFS('Schedule Variance Log'!C:C,A19,'Schedule Variance Log'!K:K,"At Risk") -> 0 | F19: =IFERROR(AVERAGEIFS('Schedule Variance Log'!I:I,'Schedule Variance Log'!C:C,A19,'Schedule Variance Log'!I:I,">0"),0) -> 0
A20: 6.0 Fielding & Transition | B20: =COUNTIF('Schedule Variance Log'!C:C,A20) -> 0 | C20: =COUNTIFS('Schedule Variance Log'!C:C,A20,'Schedule Variance Log'!K:K,"On Track")+COUNTIFS('Schedule Variance Log'!C:C,A20,'Schedule Variance Log'!K:K,"Complete") -> 0 | D20: =COUNTIFS('Schedule Variance Log'!C:C,A20,'Schedule Variance Log'!K:K,"Slipped") -> 0 | E20: =COUNTIFS('Schedule Variance Log'!C:C,A20,'Schedule Variance Log'!K:K,"At Risk") -> 0 | F20: =IFERROR(AVERAGEIFS('Schedule Variance Log'!I:I,'Schedule Variance Log'!C:C,A20,'Schedule Variance Log'!I:I,">0"),0) -> 0
A22: SLIPPED MILESTONES REQUIRING CUSTOMER NOTIFICATION
A23: Milestone ID | B23: Milestone Name | C23: Baseline | D23: Projected | E23: Days Slipped | F23: Escalate?
A24: =IFERROR(INDEX('Schedule Variance Log'!A:A,MATCH("Slipped",OFFSET('Schedule Variance Log'!K$6,0,0,ROWS('Schedule Variance Log'!K$6:K$500),1),0)+4),"—") -> M-003
A25: =IFERROR(INDEX('Schedule Variance Log'!A:A,MATCH("Slipped",OFFSET('Schedule Variance Log'!K$6,1,0,ROWS('Schedule Variance Log'!K$6:K$500),1),0)+5),"—") -> M-003
A26: =IFERROR(INDEX('Schedule Variance Log'!A:A,MATCH("Slipped",OFFSET('Schedule Variance Log'!K$6,2,0,ROWS('Schedule Variance Log'!K$6:K$500),1),0)+6),"—") -> M-003
A27: =IFERROR(INDEX('Schedule Variance Log'!A:A,MATCH("Slipped",OFFSET('Schedule Variance Log'!K$6,3,0,ROWS('Schedule Variance Log'!K$6:K$500),1),0)+7),"—") -> M-003
A28: =IFERROR(INDEX('Schedule Variance Log'!A:A,MATCH("Slipped",OFFSET('Schedule Variance Log'!K$6,4,0,ROWS('Schedule Variance Log'!K$6:K$500),1),0)+8),"—") -> M-004
