Workbook

Sheet Instructions
A1: STAFFING & PERSONNEL TRACKER — INSTRUCTIONS
A2: v2.0 Program • Owner: Program Management • All personnel regardless of type in one list • Update when status changes — do not batch
A4: SHEET GUIDE
A5: SHEET / TABLE | B5: PURPOSE | C5: OWNER & CADENCE
A6: Personnel Register → Table: PersonnelRegister | B6: Master list of all personnel on the program — FTEs, 1099s, subcontractors, and government counterparts. Tracks role, LCAT, branch, start/end dates, and overall compliance status. | C6: PM — update when personnel joins, departs, or changes role.
A7: CAC & Identity → Table: CACRegister | B7: Tracks CAC issuance date, CAC number, expiration date, and PIV/CAC type per person. Alerts fire at 90 days and 30 days before expiration. One row per person — Vendor ID links to Personnel Register. | C7: PM / Security Lead — update at CAC issuance and renewal.
A8: Annual Training → Table: TrainingRegister | B8: Tracks completion status for up to 6 annual trainings per person. Column headers are generic (Training 1–6) — rename them to match your actual required training names. Completion date tracked per training per person. | C8: PM — update as training completions are confirmed. Review quarterly.
A9: System Access → Table: AccessRegister | B9: Tracks access request and approval status for each government system per person. One row per person per system. Tracks request date, approval date, access level, and whether access is current. | C9: PM / Security Lead — update at access request, approval, and revocation.
A10: NDA & Agreements → Table: AgreementRegister | B10: Tracks NDA and any other personnel-level agreements (non-competes, IP agreements, etc.). Tracks execution date, expiration, and whether a copy is on file. | C10: Contracts Lead — update at execution. Review annually.
A11: Compliance Summary → Table: ComplianceSummary | B11: Auto-calculated program-level view of compliance status across all five domains. Designed for government customer meetings and program reviews. | C11: PM — read only. Auto-updates from other tabs.
A13: PERSONNEL TYPE DEFINITIONS
A14: TYPE | B14: DEFINITION | C14: NDA REQUIRED?
A15: FTE | B15: Full-time employee of the prime contractor. On prime contract payroll. | C15: Yes — prime NDA on file
A16: Part-Time | B16: Part-time employee of the prime contractor. | C16: Yes — prime NDA on file
A17: 1099 | B17: Independent contractor engaged directly by the prime. Not on payroll. | C17: Yes — individual NDA required
A18: Subcontractor | B18: Personnel employed by a subcontractor company (references Vendor ID in sub tracker). | C18: Yes — covered by sub NDA or individual NDA
A19: Government | B19: Government customer counterpart, COR, or other government stakeholder with program involvement. | C19: N/A — government personnel
A20: Other | B20: Advisors, consultants, or other program-adjacent personnel. | C20: Yes — case by case
A21: STATUS VALUES USED ACROSS ALL TABS
A22: VALUE | B22: MEANING | C22: COLOR
A23: Yes / Complete | B23: Requirement met. No action needed. | C23: Green
A24: No / Incomplete | B24: Requirement not met. Action required. | C24: Red — bold
A25: Pending | B25: In progress — request submitted or action underway. | C25: Yellow
A26: Expired | B26: Previously met but now expired. Renewal required immediately. | C26: Red — bold
A27: Waived | B27: Formally waived by appropriate authority. Note authority in Notes. | C27: Gray
A28: N/A | B28: Not applicable for this person/role. | C28: No color
A29: Revoked | B29: Access or agreement formally revoked. Person should not have access. | C29: Red — bold

Sheet Personnel Register
A1: PERSONNEL REGISTER [Table: PersonnelRegister]
A2: One row per person — all personnel types in one list • Person ID links to all other tabs • Green row = template for new personnel
A3: Person ID | B3: Full Name | C3: Personnel Type | D3: Role / Title | E3: LCAT (Labor Category) | F3: Branch Assigned | G3: Vendor ID (if sub or 1099) | H3: Start Date | I3: Estimated End Date | J3: Days Remaining | K3: On Contract Status | L3: CAC Status | M3: Training Status | N3: System Access Status | O3: NDA Status | P3: Overall Compliance | Q3: Clearance Level | R3: Notes
A4: Format: P-001 | B4: Last, First | C4: FTE / Part-Time / 1099 / Subcontractor / Government / Other | D4: Official role title | E4: Labor category from contract | F4: Branch 1.0–6.0 | G4: V-001 etc. or blank if FTE/1099 | H4: MM/DD/ YYYY | I4: MM/DD/ YYYY or Ongoing | J4: AUTO → formula | K4: Active / Onboarding / Offboarding / Inactive | L4: AUTO → from CAC tab | M4: AUTO → from Training tab | N4: AUTO → from Access tab | O4: AUTO → from NDA tab | P4: AUTO → all green = Compliant | Q4: Public Trust / Secret / Top Secret / Top Secret SCI / None | R4: Context
A5: ▶ COPY ROW — fill non-AUTO fields | B5: [Last, First] | C5: FTE | D5: [Role / Title] | E5: [LCAT] | F5: [Branch] | I5: Ongoing | J5: =IF(AND(ISNUMBER(I5),I5<>"Ongoing"),I5-TODAY(),"Ongoing") -> Ongoing | K5: Active | L5: =IFERROR(VLOOKUP(A5,'CAC & Identity'!$A:$D,4,0),"—") -> — | M5: =IFERROR(VLOOKUP(A5,'Annual Training'!$A:$D,4,0),"—") -> — | N5: =IFERROR(VLOOKUP(A5,'System Access'!$A:$D,4,0),"—") -> — | O5: =IFERROR(VLOOKUP(A5,'NDA & Agreements'!$A:$D,4,0),"—") -> — | P5: =IF(AND(L5="Current",M5="Complete",N5="Active",O5="Yes"),"✅ Compliant","⚠️ Action Required") -> ⚠️ Action Required | Q5: Public Trust
A6: P-001 | B6: Carter, John | C6: 1099 | D6: Senior Developer | E6: Sr. Software Engineer | F6: 2.0 Software Development | G6: V-001 | H6: 04/01/2026 | I6: 03/31/2027 | J6: =IF(OR(I6="Ongoing",NOT(ISNUMBER(I6))),"Ongoing",I6-TODAY()) -> Ongoing | K6: Active | L6: Current | M6: Complete | N6: Active | O6: Yes | P6: =IF(AND(L6="Current",OR(M6="Complete",M6="N/A"),OR(N6="Active",N6="N/A"),OR(O6="Yes",O6="N/A")),"✅ Compliant","⚠️ Action Required") -> ✅ Compliant | Q6: Secret | R6: Lead dev. Key SME — knowledge transfer risk per R-004.
A7: P-002 | B7: Lopez, Maria | C7: Subcontractor | D7: Security Engineer | E7: Sr. Security Analyst | F7: 3.0 Security & Compliance | G7: V-002 | H7: 04/01/2026 | I7: 09/30/2026 | J7: =IF(OR(I7="Ongoing",NOT(ISNUMBER(I7))),"Ongoing",I7-TODAY()) -> Ongoing | K7: Active | L7: Current | M7: Complete | N7: Active | O7: Yes | P7: =IF(AND(L7="Current",OR(M7="Complete",M7="N/A"),OR(N7="Active",N7="N/A"),OR(O7="Yes",O7="N/A")),"✅ Compliant","⚠️ Action Required") -> ✅ Compliant | Q7: Top Secret | R7: ATO lead. PoP tied to SUBK-002 — review at mod.
A8: P-003 | B8: Kim, David | C8: Subcontractor | D8: Cloud Architect | E8: Sr. Cloud Engineer | F8: 4.0 Infra & Environment | G8: V-003 | H8: 01/01/2026 | I8: 12/31/2026 | J8: =IF(OR(I8="Ongoing",NOT(ISNUMBER(I8))),"Ongoing",I8-TODAY()) -> Ongoing | K8: Active | L8: Current | M8: Complete | N8: Active | O8: Yes | P8: =IF(AND(L8="Current",OR(M8="Complete",M8="N/A"),OR(N8="Active",N8="N/A"),OR(O8="Yes",O8="N/A")),"✅ Compliant","⚠️ Action Required") -> ✅ Compliant | Q8: Secret | R8: GFE environment lead. Awaiting COR authorization (BL-002).
A9: P-004 | B9: Chen, Sarah | C9: Vendor | D9: Training Developer | E9: Training Specialist | F9: 6.0 Fielding & Transition | G9: V-004 | H9: 05/01/2026 | I9: 10/31/2026 | J9: =IF(OR(I9="Ongoing",NOT(ISNUMBER(I9))),"Ongoing",I9-TODAY()) -> Ongoing | K9: Active | L9: Pending | M9: Incomplete | N9: Pending | O9: Yes | P9: =IF(AND(L9="Current",OR(M9="Complete",M9="N/A"),OR(N9="Active",N9="N/A"),OR(O9="Yes",O9="N/A")),"✅ Compliant","⚠️ Action Required") -> ⚠️ Action Required | Q9: Public Trust | R9: CAC request submitted 05/15. Training incomplete — 2 of 6 done.
A10: P-005 | B10: Torres, Mike | C10: 1099 | D10: Data Engineer | E10: Sr. Data Engineer | F10: 2.0 Software Development | G10: V-005 | H10: 04/01/2026 | I10: 03/31/2027 | J10: =IF(OR(I10="Ongoing",NOT(ISNUMBER(I10))),"Ongoing",I10-TODAY()) -> Ongoing | K10: Active | L10: Current | M10: Complete | N10: Active | O10: Yes | P10: =IF(AND(L10="Current",OR(M10="Complete",M10="N/A"),OR(N10="Active",N10="N/A"),OR(O10="Yes",O10="N/A")),"✅ Compliant","⚠️ Action Required") -> ✅ Compliant | Q10: Secret | R10: API integration lead. Monitor burn per R-004.
A11: P-006 | B11: Washington, Alex | C11: FTE | D11: Program Manager | E11: Program Manager | F11: 1.0 Program Management | H11: 04/01/2026 | I11: Ongoing | J11: =IF(OR(I11="Ongoing",NOT(ISNUMBER(I11))),"Ongoing",I11-TODAY()) -> Ongoing | K11: Active | L11: Current | M11: Complete | N11: Active | O11: Yes | P11: =IF(AND(L11="Current",OR(M11="Complete",M11="N/A"),OR(N11="Active",N11="N/A"),OR(O11="Yes",O11="N/A")),"✅ Compliant","⚠️ Action Required") -> ✅ Compliant | Q11: Top Secret | R11: Prime PM. Owns all stakeholder communications.
A12: P-007 | B12: Patel, Raj | C12: FTE | D12: Deputy PM | E12: Deputy PM | F12: 1.0 Program Management | H12: 04/01/2026 | I12: Ongoing | J12: =IF(OR(I12="Ongoing",NOT(ISNUMBER(I12))),"Ongoing",I12-TODAY()) -> Ongoing | K12: Active | L12: Current | M12: Complete | N12: Active | O12: Yes | P12: =IF(AND(L12="Current",OR(M12="Complete",M12="N/A"),OR(N12="Active",N12="N/A"),OR(O12="Yes",O12="N/A")),"✅ Compliant","⚠️ Action Required") -> ✅ Compliant | Q12: Top Secret
A13: P-008 | B13: Johnson, Lee | C13: FTE | D13: Systems Analyst | E13: Mid Systems Analyst | F13: 2.0 Software Development | H13: 05/15/2026 | I13: Ongoing | J13: =IF(OR(I13="Ongoing",NOT(ISNUMBER(I13))),"Ongoing",I13-TODAY()) -> Ongoing | K13: Active | L13: Pending | M13: Incomplete | N13: Pending | O13: Yes | P13: =IF(AND(L13="Current",OR(M13="Complete",M13="N/A"),OR(N13="Active",N13="N/A"),OR(O13="Yes",O13="N/A")),"✅ Compliant","⚠️ Action Required") -> ⚠️ Action Required | Q13: Secret | R13: New hire. Onboarding in progress. CAC request submitted 05/20.
A14: P-009 | B14: Rivera, Carmen | C14: Government | D14: COR | E14: Government COR | F14: 1.0 Program Management | H14: 04/01/2026 | I14: Ongoing | J14: =IF(OR(I14="Ongoing",NOT(ISNUMBER(I14))),"Ongoing",I14-TODAY()) -> Ongoing | K14: Active | L14: Current | M14: N/A | N14: N/A | O14: N/A | P14: =IF(AND(L14="Current",OR(M14="Complete",M14="N/A"),OR(N14="Active",N14="N/A"),OR(O14="Yes",O14="N/A")),"✅ Compliant","⚠️ Action Required") -> ✅ Compliant | Q14: Top Secret SCI | R14: Government counterpart. Primary government POC.
A15: P-010 | B15: Brown, Taylor | C15: FTE | D15: QA Engineer | E15: Jr. Test Engineer | F15: 5.0 OT&E | H15: 06/01/2026 | I15: Ongoing | J15: =IF(OR(I15="Ongoing",NOT(ISNUMBER(I15))),"Ongoing",I15-TODAY()) -> Ongoing | K15: Active | L15: Pending | M15: Incomplete | N15: Pending | O15: Pending | P15: =IF(AND(L15="Current",OR(M15="Complete",M15="N/A"),OR(N15="Active",N15="N/A"),OR(O15="Yes",O15="N/A")),"✅ Compliant","⚠️ Action Required") -> ⚠️ Action Required | Q15: Public Trust | R15: New hire. CAC pending. NDA signed 06/01. Training not yet started.

Sheet CAC & Identity
A1: CAC & IDENTITY REGISTER [Table: CACRegister]
A2: One row per person • CAC expiration alerts: <90 days = yellow, <30 days or expired = red • CAC Status on Personnel Register pulls from column D of this tab
A3: Person ID | B3: Full Name | C3: Personnel Type | D3: CAC Status | E3: CAC / PIV Type | F3: CAC Number | G3: Issue Date | H3: Expiration Date | I3: Days to Expiry | J3: Sponsoring Agency | K3: PIV Auth Level | L3: Renewal Action | M3: Notes
A4: Match Personnel Register | B4: Last, First | C4: FTE / 1099 etc. | D4: Current / Pending / Expired / N/A | E4: CAC / PIV / ALT-CONNECT | F4: CAC card number | G4: MM/DD/ YYYY | H4: MM/DD/ YYYY | I4: AUTO → formula | J4: Issuing government agency | K4: AUTH / DIGITAL / ENCRYPT | L4: Renewal action required | M4: Context
A5: ▶ [P-00X] | B5: [Last, First] | C5: [Type] | D5: Pending | E5: CAC | I5: =IF(ISNUMBER(H5),H5-TODAY(),"—") -> — | K5: AUTH
A6: P-001 | B6: Carter, John | C6: 1099 | D6: Current | E6: CAC | F6: CAC-2847-JC | G6: 04/01/2024 | H6: 03/31/2027 | I6: =IF(ISNUMBER(H6),H6-TODAY(),"—") -> — | J6: DoD DMDC | K6: AUTH | L6: Standard renewal at expiry
A7: P-002 | B7: Lopez, Maria | C7: Subcontractor | D7: Current | E7: CAC | F7: CAC-3912-ML | G7: 06/15/2023 | H7: 06/14/2026 | I7: =IF(ISNUMBER(H7),H7-TODAY(),"—") -> — | J7: DoD DMDC | K7: AUTH | L7: Expiring June 2026 — initiate renewal 90 days out | M7: Renewal process started 03/15/2026.
A8: P-003 | B8: Kim, David | C8: Subcontractor | D8: Current | E8: CAC | F8: CAC-1053-DK | G8: 01/10/2024 | H8: 01/09/2027 | I8: =IF(ISNUMBER(H8),H8-TODAY(),"—") -> — | J8: DoD DMDC | K8: AUTH | L8: Standard renewal at expiry
A9: P-004 | B9: Chen, Sarah | C9: Vendor | D9: Pending | E9: CAC | I9: =IF(ISNUMBER(H9),H9-TODAY(),"—") -> — | J9: DoD DMDC | K9: AUTH | L9: CAC request submitted 05/15. Awaiting sponsorship approval.
A10: P-005 | B10: Torres, Mike | C10: 1099 | D10: Current | E10: CAC | F10: CAC-4421-MT | G10: 03/15/2024 | H10: 03/14/2027 | I10: =IF(ISNUMBER(H10),H10-TODAY(),"—") -> — | J10: DoD DMDC | K10: AUTH | L10: Standard renewal at expiry
A11: P-006 | B11: Washington, Alex | C11: FTE | D11: Current | E11: CAC | F11: CAC-0081-AW | G11: 02/01/2023 | H11: 01/31/2026 | I11: =IF(ISNUMBER(H11),H11-TODAY(),"—") -> — | J11: DoD DMDC | K11: AUTH | L11: EXPIRED — renew immediately | M11: CAC expired 01/31/2026. Renewal in process. Using temp access credential.
A12: P-007 | B12: Patel, Raj | C12: FTE | D12: Current | E12: CAC | F12: CAC-0192-RP | G12: 04/01/2024 | H12: 03/31/2027 | I12: =IF(ISNUMBER(H12),H12-TODAY(),"—") -> — | J12: DoD DMDC | K12: AUTH | L12: Standard renewal at expiry
A13: P-008 | B13: Johnson, Lee | C13: FTE | D13: Pending | E13: CAC | I13: =IF(ISNUMBER(H13),H13-TODAY(),"—") -> — | J13: DoD DMDC | K13: AUTH | L13: CAC request submitted 05/20. Expected 4-6 weeks. | M13: New hire onboarding.
A14: P-009 | B14: Rivera, Carmen | C14: Government | D14: Current | E14: PIV | F14: PIV-GOV-7741 | G14: 01/15/2022 | H14: 01/14/2027 | I14: =IF(ISNUMBER(H14),H14-TODAY(),"—") -> — | J14: DHS | K14: AUTH | L14: Government-issued PIV — contractor does not manage renewal
A15: P-010 | B15: Brown, Taylor | C15: FTE | D15: Pending | E15: CAC | I15: =IF(ISNUMBER(H15),H15-TODAY(),"—") -> — | J15: DoD DMDC | K15: AUTH | L15: CAC request submitted 06/01.

Sheet Annual Training
A1: ANNUAL TRAINING REGISTER [Table: TrainingRegister]
A2: One row per person • Rename Training 1–6 columns to match your required annual trainings • Training Status on Personnel Register pulls from column D of this tab • Green = Complete, Red = Incomplete, Yellow = Due Soon
A3: Person ID | B3: Full Name | C3: Personnel Type | D3: Training Status | E3: Training 1 [RENAME] | F3: T1 Complete Date | G3: T1 Due Date | H3: Training 2 [RENAME] | I3: T2 Complete Date | J3: T2 Due Date | K3: Training 3 [RENAME] | L3: T3 Complete Date | M3: T3 Due Date | N3: Training 4 [RENAME] | O3: T4 Complete Date | P3: T4 Due Date | Q3: Training 5 [RENAME] | R3: T5 Complete Date | S3: T5 Due Date | T3: Training 6 [RENAME] | U3: T6 Complete Date | V3: T6 Due Date
A4: Match Personnel Register | B4: Last, First | C4: FTE / 1099 etc. | D4: AUTO → Complete if all 6 done | E4: Yes / No / N/A | F4: MM/DD/ YYYY | G4: MM/DD/ YYYY — annual due date | H4: Yes / No / N/A | I4: MM/DD/ YYYY | J4: MM/DD/ YYYY | K4: Yes / No / N/A | L4: MM/DD/ YYYY | M4: MM/DD/ YYYY | N4: Yes / No / N/A | O4: MM/DD/ YYYY | P4: MM/DD/ YYYY | Q4: Yes / No / N/A | R4: MM/DD/ YYYY | S4: MM/DD/ YYYY | T4: Yes / No / N/A | U4: MM/DD/ YYYY | V4: MM/DD/ YYYY
A5: ▶ [P-00X] | B5: [Last, First] | C5: [Type] | D5: =IF(AND(OR(E5="Yes",E5="N/A"),OR(H5="Yes",H5="N/A"),OR(K5="Yes",K5="N/A"),OR(N5="Yes",N5="N/A"),OR(Q5="Yes",Q5="N/A"),OR(T5="Yes",T5="N/A")),"Complete","Incomplete") -> Incomplete | E5: No | H5: No | K5: No | N5: No | Q5: No | T5: No
A6: P-001 | B6: Carter, John | C6: 1099 | D6: =IF(AND(OR(E6="Yes",E6="N/A"),OR(H6="Yes",H6="N/A"),OR(K6="Yes",K6="N/A"),OR(N6="Yes",N6="N/A"),OR(Q6="Yes",Q6="N/A"),OR(T6="Yes",T6="N/A")),"Complete","Incomplete") -> Complete | E6: Yes | F6: 46096 | G6: 6/31/2026 | H6: Yes | I6: 04/15/2026 | J6: 04/15/2027 | K6: Yes | L6: 04/15/2026 | M6: 04/15/2027 | N6: Yes | O6: 04/15/2026 | P6: 04/15/2027 | Q6: Yes | R6: 04/15/2026 | S6: 04/15/2027 | T6: Yes | U6: 04/15/2026 | V6: 04/15/2027
A7: P-002 | B7: Lopez, Maria | C7: Subcontractor | D7: =IF(AND(OR(E7="Yes",E7="N/A"),OR(H7="Yes",H7="N/A"),OR(K7="Yes",K7="N/A"),OR(N7="Yes",N7="N/A"),OR(Q7="Yes",Q7="N/A"),OR(T7="Yes",T7="N/A")),"Complete","Incomplete") -> Complete | E7: Yes | F7: 03/20/2026 | G7: 03/20/2027 | H7: Yes | I7: 03/20/2026 | J7: 03/20/2027 | K7: Yes | L7: 03/20/2026 | M7: 03/20/2027 | N7: Yes | O7: 03/20/2026 | P7: 03/20/2027 | Q7: Yes | R7: 03/20/2026 | S7: 03/20/2027 | T7: Yes | U7: 03/20/2026 | V7: 03/20/2027
A8: P-003 | B8: Kim, David | C8: Subcontractor | D8: =IF(AND(OR(E8="Yes",E8="N/A"),OR(H8="Yes",H8="N/A"),OR(K8="Yes",K8="N/A"),OR(N8="Yes",N8="N/A"),OR(Q8="Yes",Q8="N/A"),OR(T8="Yes",T8="N/A")),"Complete","Incomplete") -> Complete | E8: Yes | F8: 01/15/2026 | G8: 01/15/2027 | H8: Yes | I8: 01/15/2026 | J8: 01/15/2027 | K8: Yes | L8: 01/15/2026 | M8: 01/15/2027 | N8: Yes | O8: 01/15/2026 | P8: 01/15/2027 | Q8: Yes | R8: 01/15/2026 | S8: 01/15/2027 | T8: Yes | U8: 01/15/2026 | V8: 01/15/2027
A9: P-004 | B9: Chen, Sarah | C9: Vendor | D9: =IF(AND(OR(E9="Yes",E9="N/A"),OR(H9="Yes",H9="N/A"),OR(K9="Yes",K9="N/A"),OR(N9="Yes",N9="N/A"),OR(Q9="Yes",Q9="N/A"),OR(T9="Yes",T9="N/A")),"Complete","Incomplete") -> Incomplete | E9: Yes | F9: 05/10/2026 | G9: 05/10/2027 | H9: Yes | I9: 05/10/2026 | J9: 05/10/2027 | K9: No | M9: 06/30/2026 | N9: No | P9: 06/30/2026 | Q9: No | S9: 06/30/2026 | T9: No | V9: 06/30/2026
A10: P-005 | B10: Torres, Mike | C10: 1099 | D10: =IF(AND(OR(E10="Yes",E10="N/A"),OR(H10="Yes",H10="N/A"),OR(K10="Yes",K10="N/A"),OR(N10="Yes",N10="N/A"),OR(Q10="Yes",Q10="N/A"),OR(T10="Yes",T10="N/A")),"Complete","Incomplete") -> Complete | E10: Yes | F10: 04/01/2026 | G10: 04/01/2027 | H10: Yes | I10: 04/01/2026 | J10: 04/01/2027 | K10: Yes | L10: 04/01/2026 | M10: 04/01/2027 | N10: Yes | O10: 04/01/2026 | P10: 04/01/2027 | Q10: Yes | R10: 04/01/2026 | S10: 04/01/2027 | T10: Yes | U10: 04/01/2026 | V10: 04/01/2027
A11: P-006 | B11: Washington, Alex | C11: FTE | D11: =IF(AND(OR(E11="Yes",E11="N/A"),OR(H11="Yes",H11="N/A"),OR(K11="Yes",K11="N/A"),OR(N11="Yes",N11="N/A"),OR(Q11="Yes",Q11="N/A"),OR(T11="Yes",T11="N/A")),"Complete","Incomplete") -> Complete | E11: Yes | F11: 02/01/2026 | G11: 02/01/2027 | H11: Yes | I11: 02/01/2026 | J11: 02/01/2027 | K11: Yes | L11: 02/01/2026 | M11: 02/01/2027 | N11: Yes | O11: 02/01/2026 | P11: 02/01/2027 | Q11: Yes | R11: 02/01/2026 | S11: 02/01/2027 | T11: Yes | U11: 02/01/2026 | V11: 02/01/2027
A12: P-007 | B12: Patel, Raj | C12: FTE | D12: =IF(AND(OR(E12="Yes",E12="N/A"),OR(H12="Yes",H12="N/A"),OR(K12="Yes",K12="N/A"),OR(N12="Yes",N12="N/A"),OR(Q12="Yes",Q12="N/A"),OR(T12="Yes",T12="N/A")),"Complete","Incomplete") -> Complete | E12: Yes | F12: 02/15/2026 | G12: 02/15/2027 | H12: Yes | I12: 02/15/2026 | J12: 02/15/2027 | K12: Yes | L12: 02/15/2026 | M12: 02/15/2027 | N12: Yes | O12: 02/15/2026 | P12: 02/15/2027 | Q12: Yes | R12: 02/15/2026 | S12: 02/15/2027 | T12: Yes | U12: 02/15/2026 | V12: 02/15/2027
A13: P-008 | B13: Johnson, Lee | C13: FTE | D13: =IF(AND(OR(E13="Yes",E13="N/A"),OR(H13="Yes",H13="N/A"),OR(K13="Yes",K13="N/A"),OR(N13="Yes",N13="N/A"),OR(Q13="Yes",Q13="N/A"),OR(T13="Yes",T13="N/A")),"Complete","Incomplete") -> Incomplete | E13: No | G13: 06/30/2026 | H13: No | J13: 06/30/2026 | K13: No | M13: 06/30/2026 | N13: No | P13: 06/30/2026 | Q13: No | S13: 06/30/2026 | T13: No | V13: 06/30/2026
A14: P-009 | B14: Rivera, Carmen | C14: Government | D14: =IF(AND(OR(E14="Yes",E14="N/A"),OR(H14="Yes",H14="N/A"),OR(K14="Yes",K14="N/A"),OR(N14="Yes",N14="N/A"),OR(Q14="Yes",Q14="N/A"),OR(T14="Yes",T14="N/A")),"Complete","Incomplete") -> Complete | E14: N/A | H14: N/A | K14: N/A | N14: N/A | Q14: N/A | T14: N/A
A15: P-010 | B15: Brown, Taylor | C15: FTE | D15: =IF(AND(OR(E15="Yes",E15="N/A"),OR(H15="Yes",H15="N/A"),OR(K15="Yes",K15="N/A"),OR(N15="Yes",N15="N/A"),OR(Q15="Yes",Q15="N/A"),OR(T15="Yes",T15="N/A")),"Complete","Incomplete") -> Incomplete | E15: No | G15: 07/31/2026 | H15: No | J15: 07/31/2026 | K15: No | M15: 07/31/2026 | N15: No | P15: 07/31/2026 | Q15: No | S15: 07/31/2026 | T15: No | V15: 07/31/2026

Sheet System Access
A1: SYSTEM ACCESS REGISTER [Table: AccessRegister]
A2: One row per person per system • Track each government system access separately • System Access Status on Personnel Register pulls from a COUNTIF on this tab
A3: Person ID | B3: Full Name | C3: System Name | D3: Access Status | E3: Access Level | F3: Request Date | G3: Approval Date | H3: Access Expiry | I3: Days to Expiry | J3: Sponsor / Approver | K3: Account ID / Username | L3: MFA Enabled? | M3: Last Reviewed | N3: Notes
A4: Match Personnel Register | B4: Last, First | C4: e.g. GCC-H / MilConnect / JIRA Gov / etc. | D4: Active / Pending / Revoked / Expired / N/A | E4: Read / Read-Write / Admin | F4: MM/DD/ YYYY | G4: MM/DD/ YYYY | H4: MM/DD/YYYY or Ongoing | I4: AUTO → formula | J4: Govt sponsor or PM | K4: System username or ID | L4: Yes / No | M4: MM/DD/ YYYY | N4: Context
A5: ▶ [P-00X] | B5: [Last, First] | C5: [System] | D5: Pending | E5: Read-Write | H5: Ongoing | I5: =IF(AND(ISNUMBER(H5),H5<>"Ongoing"),H5-TODAY(),"Ongoing") -> Ongoing | J5: [Sponsor] | L5: No
A6: P-001 | B6: Carter, John | C6: GCC-H | D6: Active | E6: Read-Write | F6: 04/05/2026 | G6: 04/15/2026 | H6: Ongoing | I6: =IF(AND(ISNUMBER(H6),H6<>"Ongoing"),H6-TODAY(),"Ongoing") -> Ongoing | J6: Rivera, Carmen | K6: jcarter_gov | L6: Yes | M6: 06/01/2026 | N6: Primary dev environment access.
A7: P-001 | B7: Carter, John | C7: JIRA Gov | D7: Active | E7: Read-Write | F7: 04/05/2026 | G7: 04/15/2026 | H7: Ongoing | I7: =IF(AND(ISNUMBER(H7),H7<>"Ongoing"),H7-TODAY(),"Ongoing") -> Ongoing | J7: Rivera, Carmen | K7: jcarter_jira | L7: Yes | M7: 06/01/2026
A8: P-002 | B8: Lopez, Maria | C8: GCC-H | D8: Active | E8: Read-Write | F8: 04/05/2026 | G8: 04/15/2026 | H8: Ongoing | I8: =IF(AND(ISNUMBER(H8),H8<>"Ongoing"),H8-TODAY(),"Ongoing") -> Ongoing | J8: Rivera, Carmen | K8: mlopez_gov | L8: Yes | M8: 06/01/2026 | N8: Security team access.
A9: P-002 | B9: Lopez, Maria | C9: ACAS | D9: Active | E9: Read-Write | F9: 04/05/2026 | G9: 04/20/2026 | H9: Ongoing | I9: =IF(AND(ISNUMBER(H9),H9<>"Ongoing"),H9-TODAY(),"Ongoing") -> Ongoing | J9: Rivera, Carmen | K9: mlopez_acas | L9: Yes | M9: 06/01/2026 | N9: Required for vulnerability scanning.
A10: P-003 | B10: Kim, David | C10: GCC-H | D10: Active | E10: Read-Write | F10: 01/15/2026 | G10: 01/25/2026 | H10: Ongoing | I10: =IF(AND(ISNUMBER(H10),H10<>"Ongoing"),H10-TODAY(),"Ongoing") -> Ongoing | J10: Rivera, Carmen | K10: dkim_gov | L10: Yes | M10: 06/01/2026 | N10: Cloud environment access.
A11: P-004 | B11: Chen, Sarah | C11: GCC-H | D11: Pending | E11: Read | F11: 05/20/2026 | I11: =IF(AND(ISNUMBER(H11),H11<>"Ongoing"),H11-TODAY(),"Ongoing") -> Ongoing | J11: Rivera, Carmen | L11: No | N11: Access request submitted. Awaiting approval.
A12: P-005 | B12: Torres, Mike | C12: GCC-H | D12: Active | E12: Read-Write | F12: 04/05/2026 | G12: 04/15/2026 | H12: Ongoing | I12: =IF(AND(ISNUMBER(H12),H12<>"Ongoing"),H12-TODAY(),"Ongoing") -> Ongoing | J12: Rivera, Carmen | K12: mtorres_gov | L12: Yes | M12: 06/01/2026 | N12: API access for integration work.
A13: P-006 | B13: Washington, Alex | C13: GCC-H | D13: Active | E13: Admin | F13: 04/01/2026 | G13: 04/01/2026 | H13: Ongoing | I13: =IF(AND(ISNUMBER(H13),H13<>"Ongoing"),H13-TODAY(),"Ongoing") -> Ongoing | J13: Rivera, Carmen | K13: awash_gov | L13: Yes | M13: 06/01/2026 | N13: Admin access as PM.
A14: P-007 | B14: Patel, Raj | C14: GCC-H | D14: Active | E14: Read-Write | F14: 04/01/2026 | G14: 04/05/2026 | H14: Ongoing | I14: =IF(AND(ISNUMBER(H14),H14<>"Ongoing"),H14-TODAY(),"Ongoing") -> Ongoing | J14: Rivera, Carmen | K14: rpatel_gov | L14: Yes | M14: 06/01/2026
A15: P-008 | B15: Johnson, Lee | C15: GCC-H | D15: Pending | E15: Read-Write | F15: 05/25/2026 | I15: =IF(AND(ISNUMBER(H15),H15<>"Ongoing"),H15-TODAY(),"Ongoing") -> Ongoing | J15: Rivera, Carmen | L15: No | N15: New hire access request. Expected 2-3 weeks.
A16: P-009 | B16: Rivera, Carmen | C16: GCC-H | D16: Active | E16: Admin | F16: 01/01/2026 | G16: 01/01/2026 | H16: Ongoing | I16: =IF(AND(ISNUMBER(H16),H16<>"Ongoing"),H16-TODAY(),"Ongoing") -> Ongoing | J16: Government | K16: crivera_gov | L16: Yes | M16: 06/01/2026 | N16: Government COR — native access.
A17: P-010 | B17: Brown, Taylor | C17: GCC-H | D17: Pending | E17: Read | F17: 06/05/2026 | I17: =IF(AND(ISNUMBER(H17),H17<>"Ongoing"),H17-TODAY(),"Ongoing") -> Ongoing | J17: Rivera, Carmen | L17: No | N17: New hire. Access request submitted 06/05.

Sheet NDA & Agreements
A1: NDA & AGREEMENTS REGISTER [Table: AgreementRegister]
A2: One row per agreement per person • NDA Status on Personnel Register pulls from column D of this tab • Expiration alerts: <90 days = yellow, <30 days = red
A3: Person ID | B3: Full Name | C3: Agreement Type | D3: NDA Status | E3: Execution Date | F3: Expiration Date | G3: Days to Expiry | H3: Indefinite? | I3: Copy On File? | J3: File Location | K3: Countersigned By | L3: Renewal Required? | M3: Notes
A4: Match Personnel Register | B4: Last, First | C4: NDA / Non- Compete / IP Agreement / Other | D4: Yes / No / Pending / Expired | E4: MM/DD/YYYY | F4: MM/DD/YYYY or blank if indefinite | G4: AUTO → formula | H4: Yes / No | I4: Yes / No | J4: SharePoint path or folder ref | K4: PM or Contracts Lead name | L4: Yes / No | M4: Context
A5: ▶ [P-00X] | B5: [Last, First] | C5: NDA | D5: Pending | G5: =IF(AND(H5="No",ISNUMBER(F5)),F5-TODAY(),"—") -> — | H5: No | I5: No | J5: [SharePoint path] | K5: [PM name] | L5: No
A6: P-001 | B6: Carter, John | C6: NDA | D6: Yes | E6: 04/01/2026 | G6: =IF(OR(H6="Yes",NOT(ISNUMBER(F6))),"Indefinite",F6-TODAY()) -> Indefinite | H6: Yes | I6: Yes | J6: /SharePoint/NDAs/Carter_NDA.pdf | K6: PM | L6: No | M6: Individual NDA as 1099 contractor.
A7: P-002 | B7: Lopez, Maria | C7: NDA | D7: Yes | E7: 04/01/2026 | G7: =IF(OR(H7="Yes",NOT(ISNUMBER(F7))),"Indefinite",F7-TODAY()) -> Indefinite | H7: Yes | I7: Yes | J7: /SharePoint/NDAs/Lopez_NDA.pdf | K7: PM | L7: No | M7: Covered by SUBK-002 NDA. Individual NDA also on file.
A8: P-003 | B8: Kim, David | C8: NDA | D8: Yes | E8: 01/01/2026 | G8: =IF(OR(H8="Yes",NOT(ISNUMBER(F8))),"Indefinite",F8-TODAY()) -> Indefinite | H8: Yes | I8: Yes | J8: /SharePoint/NDAs/Kim_NDA.pdf | K8: PM | L8: No | M8: Covered by MSA-001 NDA.
A9: P-004 | B9: Chen, Sarah | C9: NDA | D9: Yes | E9: 05/01/2026 | G9: =IF(OR(H9="Yes",NOT(ISNUMBER(F9))),"Indefinite",F9-TODAY()) -> Indefinite | H9: Yes | I9: Yes | J9: /SharePoint/NDAs/Chen_NDA.pdf | K9: PM | L9: No | M9: Covered by PO-001 NDA.
A10: P-005 | B10: Torres, Mike | C10: NDA | D10: Yes | E10: 04/01/2026 | G10: =IF(OR(H10="Yes",NOT(ISNUMBER(F10))),"Indefinite",F10-TODAY()) -> Indefinite | H10: Yes | I10: Yes | J10: /SharePoint/NDAs/Torres_NDA.pdf | K10: PM | L10: No | M10: Individual NDA as 1099. Also covered by SUBK-003.
A11: P-006 | B11: Washington, Alex | C11: NDA | D11: Yes | E11: 01/15/2026 | G11: =IF(OR(H11="Yes",NOT(ISNUMBER(F11))),"Indefinite",F11-TODAY()) -> Indefinite | H11: Yes | I11: Yes | J11: /SharePoint/NDAs/Washington_NDA.pdf | K11: PM | L11: No | M11: FTE — covered by employment agreement.
A12: P-007 | B12: Patel, Raj | C12: NDA | D12: Yes | E12: 01/15/2026 | G12: =IF(OR(H12="Yes",NOT(ISNUMBER(F12))),"Indefinite",F12-TODAY()) -> Indefinite | H12: Yes | I12: Yes | J12: /SharePoint/NDAs/Patel_NDA.pdf | K12: PM | L12: No | M12: FTE — covered by employment agreement.
A13: P-008 | B13: Johnson, Lee | C13: NDA | D13: Yes | E13: 05/15/2026 | G13: =IF(OR(H13="Yes",NOT(ISNUMBER(F13))),"Indefinite",F13-TODAY()) -> Indefinite | H13: Yes | I13: Yes | J13: /SharePoint/NDAs/Johnson_NDA.pdf | K13: PM | L13: No | M13: New hire — NDA signed at onboarding.
A14: P-009 | B14: Rivera, Carmen | C14: NDA | D14: N/A | G14: =IF(OR(H14="Yes",NOT(ISNUMBER(F14))),"Indefinite",F14-TODAY()) -> Indefinite | H14: No | I14: No | L14: No | M14: Government COR — NDA not required.
A15: P-010 | B15: Brown, Taylor | C15: NDA | D15: Pending | G15: =IF(OR(H15="Yes",NOT(ISNUMBER(F15))),"Indefinite",F15-TODAY()) -> Indefinite | H15: No | I15: No | K15: PM | L15: No | M15: New hire — NDA not yet executed. Schedule signing session.

Sheet Compliance Summary
A1: PERSONNEL COMPLIANCE SUMMARY
A2: Auto-calculated from all personnel tabs • Designed for government customer meetings and program reviews • Do not edit directly
A4: PROGRAM-LEVEL COMPLIANCE SNAPSHOT
A5: Metric | B5: Count | C5: % of Total
A6: Total Personnel on Program | B6: =COUNTA('Personnel Register'!A6:A200) -> 10
A7: Active Personnel | B7: =COUNTIF('Personnel Register'!K6:K200,"Active") -> 10 | C7: =IFERROR(B7/B6,0) -> 1
A8: Onboarding | B8: =COUNTIF('Personnel Register'!K6:K200,"Onboarding") -> 0 | C8: =IFERROR(B8/B6,0) -> 0
A9: Overall Compliant | B9: =COUNTIF('Personnel Register'!P6:P200,"✅ Compliant") -> 7 | C9: =IFERROR(B9/B6,0) -> 0.7
A10: Action Required | B10: =COUNTIF('Personnel Register'!P6:P200,"⚠️ Action Required") -> 3 | C10: =IFERROR(B10/B6,0) -> 0.3
A11: CAC Current | B11: =COUNTIF('CAC & Identity'!D6:D200,"Current") -> 7 | C11: =IFERROR(B11/B6,0) -> 0.7
A12: CAC Pending or Expired | B12: =COUNTIF('CAC & Identity'!D6:D200,"Pending")+COUNTIF('CAC & Identity'!D6:D200,"Expired") -> 3 | C12: =IFERROR(B12/B6,0) -> 0.3
A13: Training Complete (all 6) | B13: =COUNTIF('Annual Training'!D6:D200,"Complete") -> 7 | C13: =IFERROR(B13/B6,0) -> 0.7
A14: Training Incomplete | B14: =COUNTIF('Annual Training'!D6:D200,"Incomplete") -> 3 | C14: =IFERROR(B14/B6,0) -> 0.3
A15: System Access Active | B15: =COUNTIF('System Access'!D6:D200,"Active") -> 9 | C15: =IFERROR(B15/B6,0) -> 0.9
A16: System Access Pending | B16: =COUNTIF('System Access'!D6:D200,"Pending") -> 3 | C16: =IFERROR(B16/B6,0) -> 0.3
A17: NDAs Executed | B17: =COUNTIF('NDA & Agreements'!D6:D200,"Yes") -> 8 | C17: =IFERROR(B17/B6,0) -> 0.8
A18: NDAs Pending or Not Executed | B18: =COUNTIF('NDA & Agreements'!D6:D200,"Pending")+COUNTIF('NDA & Agreements'!D6:D200,"No") -> 1 | C18: =IFERROR(B18/B6,0) -> 0.1
A19: Overall Compliance Rate | B19: =IFERROR(COUNTIF('Personnel Register'!P6:P200,"✅ Compliant")/COUNTA('Personnel Register'!A6:A200),0) -> 0.7 | C19: =IFERROR(B19/B6,0) -> 0.07
A21: COMPLIANCE BY BRANCH
A22: Branch | B22: Total Personnel | C22: Compliant | D22: CAC Current | E22: Training Complete | F22: NDA Executed
A23: 1.0 Program Management | B23: =COUNTIF('Personnel Register'!F6:F200,A23) -> 3 | C23: =COUNTIFS('Personnel Register'!F6:F200,A23,'Personnel Register'!P6:P200,"✅ Compliant") -> 3 | D23: =COUNTIFS('CAC & Identity'!C6:C200,"<>Government",'CAC & Identity'!D6:D200,"Current") -> 6 | E23: =COUNTIF('Annual Training'!D6:D200,"Complete") -> 7 | F23: =COUNTIF('NDA & Agreements'!D6:D200,"Yes") -> 8
A24: 2.0 Software Development | B24: =COUNTIF('Personnel Register'!F6:F200,A24) -> 3 | C24: =COUNTIFS('Personnel Register'!F6:F200,A24,'Personnel Register'!P6:P200,"✅ Compliant") -> 2 | D24: =COUNTIFS('CAC & Identity'!C6:C200,"<>Government",'CAC & Identity'!D6:D200,"Current") -> 6 | E24: =COUNTIF('Annual Training'!D6:D200,"Complete") -> 7 | F24: =COUNTIF('NDA & Agreements'!D6:D200,"Yes") -> 8
A25: 3.0 Security & Compliance | B25: =COUNTIF('Personnel Register'!F6:F200,A25) -> 1 | C25: =COUNTIFS('Personnel Register'!F6:F200,A25,'Personnel Register'!P6:P200,"✅ Compliant") -> 1 | D25: =COUNTIFS('CAC & Identity'!C6:C200,"<>Government",'CAC & Identity'!D6:D200,"Current") -> 6 | E25: =COUNTIF('Annual Training'!D6:D200,"Complete") -> 7 | F25: =COUNTIF('NDA & Agreements'!D6:D200,"Yes") -> 8
A26: 4.0 Infra & Environment | B26: =COUNTIF('Personnel Register'!F6:F200,A26) -> 1 | C26: =COUNTIFS('Personnel Register'!F6:F200,A26,'Personnel Register'!P6:P200,"✅ Compliant") -> 1 | D26: =COUNTIFS('CAC & Identity'!C6:C200,"<>Government",'CAC & Identity'!D6:D200,"Current") -> 6 | E26: =COUNTIF('Annual Training'!D6:D200,"Complete") -> 7 | F26: =COUNTIF('NDA & Agreements'!D6:D200,"Yes") -> 8
A27: 5.0 OT&E | B27: =COUNTIF('Personnel Register'!F6:F200,A27) -> 1 | C27: =COUNTIFS('Personnel Register'!F6:F200,A27,'Personnel Register'!P6:P200,"✅ Compliant") -> 0 | D27: =COUNTIFS('CAC & Identity'!C6:C200,"<>Government",'CAC & Identity'!D6:D200,"Current") -> 6 | E27: =COUNTIF('Annual Training'!D6:D200,"Complete") -> 7 | F27: =COUNTIF('NDA & Agreements'!D6:D200,"Yes") -> 8
A28: 6.0 Fielding & Transition | B28: =COUNTIF('Personnel Register'!F6:F200,A28) -> 1 | C28: =COUNTIFS('Personnel Register'!F6:F200,A28,'Personnel Register'!P6:P200,"✅ Compliant") -> 0 | D28: =COUNTIFS('CAC & Identity'!C6:C200,"<>Government",'CAC & Identity'!D6:D200,"Current") -> 6 | E28: =COUNTIF('Annual Training'!D6:D200,"Complete") -> 7 | F28: =COUNTIF('NDA & Agreements'!D6:D200,"Yes") -> 8
A30: ACTION REQUIRED — NON-COMPLIANT PERSONNEL
A31: Person ID | B31: Name | C31: CAC Status | D31: Training Status | E31: Access Status | F31: NDA Status
A32: =IFERROR(INDEX(PersonnelRegister[Person ID],MATCH("⚠️ Action Required",OFFSET(PersonnelRegister[Person ID],0,15,ROWS(PersonnelRegister[Person ID]),1),0)+0),"—") -> ▶ COPY ROW — fill non-AUTO fields
A33: =IFERROR(INDEX(PersonnelRegister[Person ID],MATCH("⚠️ Action Required",OFFSET(PersonnelRegister[Person ID],0,15,ROWS(PersonnelRegister[Person ID]),1),0)+1),"—") -> P-001
A34: =IFERROR(INDEX(PersonnelRegister[Person ID],MATCH("⚠️ Action Required",OFFSET(PersonnelRegister[Person ID],0,15,ROWS(PersonnelRegister[Person ID]),1),0)+2),"—") -> P-002
A35: =IFERROR(INDEX(PersonnelRegister[Person ID],MATCH("⚠️ Action Required",OFFSET(PersonnelRegister[Person ID],0,15,ROWS(PersonnelRegister[Person ID]),1),0)+3),"—") -> P-003
A36: =IFERROR(INDEX(PersonnelRegister[Person ID],MATCH("⚠️ Action Required",OFFSET(PersonnelRegister[Person ID],0,15,ROWS(PersonnelRegister[Person ID]),1),0)+4),"—") -> P-004
